Unnamed: 0_level_0 Rk,Unnamed: 1_level_0 Player,Unnamed: 2_level_0 Age,Unnamed: 3_level_0 Tm,Unnamed: 4_level_0 Pos,Unnamed: 5_level_0 GP,Corsi (EV) CF,Corsi (EV) CA,Corsi (EV) CF%,Corsi (EV) CF% rel,Fenwick (EV) FF,Fenwick (EV) FA,Fenwick (EV) FF%,Fenwick (EV) FF% rel,PDO () oiSH%,PDO () oiSV%,Unnamed: 16_level_0 PDO,Zone Starts (EV) oZS%,Zone Starts (EV) dZS%,Unnamed: 19_level_0 TOI/60,Unnamed: 20_level_0 TOI(EV),Unnamed: 21_level_0 TK,Unnamed: 22_level_0 GV,Unnamed: 23_level_0 E+/-,Unnamed: 24_level_0 SAtt.,Unnamed: 25_level_0 Thru%
1,Rodrigo Abols,30,PHI,C,10,86,90,48.9,0.4,57,62,47.9,-1.0,0.0,90.2,90.2,65.0,35.0,9:09,8:59,3,4,-1.6,24,45.8
2,Noel Acciari,34,PIT,C,13,121,124,49.4,3.7,81,80,50.3,4.6,12.7,93.1,105.8,8.3,91.7,12:56,10:29,2,1,1.0,19,57.9
3,Andrew Agozzino,35,UTA,LW,2,5,14,26.3,-22.1,5,8,38.5,-12.5,0.0,100.0,100.0,50.0,50.0,6:08,6:08,1,1,-0.4,1,0.0
4,Jack Ahcan,28,COL,D,5,77,46,62.6,17.0,54,33,62.1,15.7,13.9,94.7,108.6,35.7,64.3,11:36,11:32,0,2,1.9,6,16.7
5,Sebastian Aho,28,CAR,F,15,285,193,59.6,2.6,205,138,59.8,3.3,11.1,87.0,98.1,61.3,38.7,20:06,14:50,7,18,2.1,75,49.3
6,Michael Amadio,29,OTT,C,16,218,168,56.5,8.1,158,106,59.8,11.1,10.5,86.1,96.6,37.8,62.2,14:58,14:22,11,15,2.8,35,54.3
7,Nils Ãman,25,VAN,C,2,15,22,40.5,-8.2,12,7,63.2,17.6,16.7,75.0,91.7,50.0,50.0,8:40,8:40,0,1,0.3,3,33.3
8,Josh Anderson,31,MTL,RW,15,143,193,42.6,-6.9,94,130,42.0,-9.2,9.7,87.1,96.7,15.7,84.3,14:56,11:49,0,7,-3.0,29,51.7
9,Michael Anderson,26,LAK,D,16,248,228,52.1,-1.0,170,163,51.1,-1.8,9.5,91.9,101.4,40.2,59.8,19:41,16:26,2,13,-2.0,31,29.0
10,Rasmus Andersson,29,CGY,D,17,317,315,50.2,-5.2,229,228,50.1,-4.0,8.7,92.4,101.0,50.2,49.8,24:02,18:34,3,28,-1.6,88,42.0
11,Emil Andrae,23,PHI,D,5,48,36,57.1,9.6,35,26,57.4,11.2,0.0,100.0,100.0,69.0,31.0,12:07,11:60,2,3,1.9,5,80.0
12,Mason Appleton,30,DET,C,16,203,202,50.1,-3.2,139,151,47.9,-6.5,13.2,87.3,100.5,42.5,57.5,14:15,12:26,0,13,-4.5,25,68.0
13,Joel Armia,32,LAK,RW,16,169,164,50.8,-2.6,119,114,51.1,-1.5,8.8,93.5,102.3,46.9,53.1,13:55,11:44,6,13,0.3,41,43.9
14,Viktor Arvidsson,32,BOS,LW,17,199,217,47.8,-0.7,139,149,48.3,-1.2,12.4,93.6,106.0,43.0,57.0,14:24,12:28,4,13,-1.4,84,52.4
15,Jonathan Aspirot,26,BOS,D,6,73,90,44.8,-6.4,47,64,42.3,-9.4,8.6,95.1,103.7,38.9,61.1,15:07,14:19,0,8,0.2,9,44.4
16,Zach Aston-Reese,31,CBJ,C,11,87,98,47.0,-7.8,61,68,47.3,-6.5,7.5,93.0,100.5,22.2,77.8,10:09,9:08,1,6,0.4,14,71.4
17,Oskar Back,25,DAL,C,6,37,41,47.4,1.8,20,27,42.6,-5.2,21.4,92.9,114.3,19.4,80.6,11:54,10:18,1,3,1.1,4,25.0
18,Mikael Backlund,36,CGY,C,17,227,207,52.3,-1.4,163,150,52.1,-0.6,7.1,89.5,96.6,29.5,70.5,16:34,13:20,5,11,0.5,70,60.0
19,Kevin Bahl,25,CGY,D,16,265,295,47.3,-9.2,192,212,47.5,-7.2,9.4,95.9,105.2,46.2,53.8,21:07,17:51,11,22,-2.7,33,39.4
20,Arshdeep Bains,25,VAN,F,17,136,142,48.9,2.8,98,101,49.2,2.1,5.0,95.8,100.8,61.1,38.9,9:45,9:04,4,6,-0.8,18,66.7
Rk,Player,Age,Tm,Pos,GP,CF,CA,CF%,CF% rel,FF,FA,FF%,FF% rel,oiSH%,oiSV%,PDO,oZS%,dZS%,TOI/60,TOI(EV),TK,GV,E+/-,SAtt.,Thru%
21,Uvis Balinskis,29,FLA,D,9,112,124,47.5,-6.7,79,88,47.3,-5.8,6.7,89.6,96.2,55.4,44.6,13:26,13:06,6,6,-1.0,13,38.5
22,Ivan Barbashev,30,VEG,C,15,228,234,49.4,-1.8,175,163,51.8,1.0,14.9,86.8,101.7,50.7,49.3,15:52,14:59,3,16,3.6,46,58.7
23,Zakhar Bardakov,24,COL,C,11,69,69,50.0,-7.2,45,46,49.5,-8.0,14.7,92.0,106.7,60.5,39.5,6:12,6:11,1,8,-0.2,14,50.0
24,Justin Barron,24,NSH,D,17,238,211,53.0,2.5,167,152,52.4,6.3,9.4,90.3,99.7,50.0,50.0,15:33,14:30,1,24,-1.2,39,30.8
25,Morgan Barron,27,WPG,C,12,84,138,37.8,-6.8,64,96,40.0,-4.8,11.9,93.8,105.8,19.7,80.3,12:33,9:59,3,7,-2.3,30,50.0
26,Mathew Barzal,28,NYI,C,15,266,230,53.6,5.9,192,157,55.0,5.9,11.8,93.6,105.3,59.0,41.0,20:32,16:28,5,17,0.2,56,53.6
27,Nathan Bastian,28,DAL,RW,13,58,83,41.1,-2.2,43,51,45.7,1.3,11.1,88.9,100.0,35.0,65.0,7:21,7:20,0,1,-0.6,13,69.2
28,Drake Batherson,27,OTT,C,13,174,155,52.9,4.7,118,112,51.3,1.3,20.0,87.3,107.3,68.1,31.9,17:19,14:18,7,11,0.8,47,55.3
29,Jake Bean,27,CGY,D,10,181,128,58.6,4.9,126,83,60.3,11.0,4.6,82.0,86.6,54.7,45.3,16:38,15:59,4,11,0.7,31,35.5
30,Anthony Beauvillier,28,WSH,LW,15,233,187,55.5,-1.0,175,132,57.0,3.3,10.5,92.8,103.3,58.9,41.1,14:36,13:60,2,9,6.2,59,59.3
31,Owen Beck,21,MTL,C,2,18,16,52.9,6.0,12,11,52.2,3.3,0.0,85.7,85.7,72.7,27.3,8:22,8:20,0,0,-0.4,4,25.0
32,Connor Bedard,20,CHI,C,16,256,316,44.8,-2.2,197,237,45.4,-0.8,15.9,93.5,109.5,54.8,45.2,21:07,17:59,8,20,-3.1,96,54.2
33,John Beecher,24,BOS,C,6,44,74,37.3,-5.6,25,49,33.8,-11.3,5.9,94.4,100.3,23.5,76.5,10:24,8:58,0,1,-1.1,10,60.0
34,Matty Beniers,23,SEA,C,15,236,207,53.3,9.2,162,146,52.6,8.9,11.3,91.0,102.4,58.5,41.5,20:01,15:52,2,19,1.2,66,36.4
35,Sam Bennett,29,FLA,C,16,236,199,54.3,1.6,164,149,52.4,-0.7,5.1,88.6,93.7,54.4,45.6,16:50,13:44,6,13,-0.5,70,44.3
36,Simon Benoit,27,TOR,D,15,182,246,42.5,-6.1,127,169,42.9,-7.2,15.1,85.1,100.1,37.4,62.6,17:05,15:08,5,16,-2.0,33,30.3
37,Zach Benson,20,BUF,LW,8,123,114,51.9,5.6,78,78,50.0,1.3,11.8,92.6,104.4,49.4,50.6,19:02,14:53,5,7,0.1,24,66.7
38,Jonatan Berggren,25,DET,RW,10,121,128,48.6,-6.8,77,96,44.5,-12.2,5.6,87.7,93.3,45.6,54.4,12:57,11:37,1,9,-1.2,31,54.8
39,Jacob Bernard-Docker,25,DET,D,8,107,90,54.3,3.2,77,64,54.6,4.0,14.6,91.1,105.7,53.7,46.3,12:38,11:38,2,6,1.5,21,47.6
40,Tyler Bertuzzi,30,CHI,LW,15,215,225,48.9,4.0,157,169,48.2,3.2,12.9,90.2,103.0,50.4,49.6,17:30,14:50,3,12,-1.6,54,59.3
Rk,Player,Age,Tm,Pos,GP,CF,CA,CF%,CF% rel,FF,FA,FF%,FF% rel,oiSH%,oiSV%,PDO,oZS%,dZS%,TOI/60,TOI(EV),TK,GV,E+/-,SAtt.,Thru%
41,Lian Bichsel,21,DAL,D,16,151,225,40.2,-4.7,106,153,40.9,-5.8,6.7,94.9,101.6,28.9,71.1,14:27,13:39,1,16,-0.2,20,35.0
42,Oliver Bjorkstrand,30,TBL,RW,15,152,144,51.4,0.0,111,97,53.4,2.3,10.4,91.8,102.3,47.1,52.9,14:08,11:05,2,12,0.3,55,41.8
43,Nick Bjugstad,33,STL,C,16,141,150,48.5,-1.2,104,95,52.3,3.1,9.1,87.7,96.8,38.6,61.4,11:06,10:26,2,2,0.9,41,65.9
44,Colin Blackwell,32,DAL,C,16,85,152,35.9,-9.3,56,104,35.0,-12.2,10.8,90.3,101.1,32.5,67.5,11:47,9:29,1,10,-2.2,22,45.5
45,Sammy Blais,29,TOR,LW,4,26,49,34.7,-8.6,23,28,45.1,0.1,11.1,83.3,94.4,47.6,52.4,9:19,9:09,1,2,-0.5,6,83.3
46,Jackson Blake,22,CAR,RW,15,238,161,59.6,2.5,163,116,58.4,1.3,10.7,90.3,101.0,67.6,32.4,15:49,13:31,7,19,2.6,70,55.7
47,Nick Blankenburg,27,NSH,D,8,146,123,54.3,-1.5,101,99,50.5,-2.7,12.5,84.5,97.0,53.2,46.8,20:17,16:20,2,9,-3.1,39,41.0
48,Teddy Blueger,31,VAN,C,2,9,29,23.7,-14.9,7,21,25.0,-15.8,20.0,91.7,111.7,14.3,85.7,15:50,12:57,0,1,-0.8,2,100.0
49,Brock Boeser,28,VAN,RW,15,205,214,48.9,1.9,151,156,49.2,1.3,13.5,84.3,97.8,57.4,42.6,18:12,14:01,1,7,-2.8,61,55.7
50,Zach Bogosian,35,MIN,D,5,55,59,48.2,1.1,41,41,50.0,2.0,12.0,100.0,112.0,50.0,50.0,13:53,12:11,1,2,0.5,7,71.4
51,Zachary Bolduc,22,MTL,C,15,149,161,48.1,0.3,107,111,49.1,0.1,12.5,88.6,101.1,56.3,43.8,13:17,11:03,2,11,1.0,48,47.9
52,Matt Boldy,24,MIN,LW,17,287,249,53.5,7.2,205,182,53.0,6.5,10.9,86.2,97.1,49.7,50.3,21:01,15:11,2,21,0.4,128,42.2
53,Adam Boqvist,25,NYI,D,4,46,69,40.0,-2.1,35,51,40.7,-5.6,12.0,97.2,109.2,55.2,44.8,13:03,12:46,0,2,-1.8,6,16.7
54,Jesper Boqvist,27,FLA,C,16,147,157,48.4,-5.9,106,108,49.5,-4.2,6.5,95.6,102.0,53.9,46.1,11:34,11:02,0,10,-0.1,34,47.1
55,William Borgen,29,NYR,D,17,247,266,48.1,-5.3,172,189,47.6,-5.7,5.6,96.7,102.3,46.5,53.5,18:39,16:08,6,14,1.7,42,33.3
56,Evan Bouchard,26,EDM,D,17,323,266,54.8,7.8,242,181,57.2,10.9,5.6,85.0,90.6,58.5,41.5,23:33,18:35,9,23,5.5,92,48.9
57,Mavrik Bourque,24,DAL,C,16,189,204,48.1,6.1,139,151,47.9,3.7,4.2,89.6,93.8,53.8,46.2,14:22,12:49,1,6,-0.1,42,66.7
58,Michael Brandsegg-Nygard,20,DET,F,9,128,86,59.8,9.2,85,49,63.4,13.8,1.7,79.3,81.0,52.1,47.9,12:27,11:03,2,10,2.1,35,40.0
59,Jesper Bratt,27,NJD,W,16,253,188,57.4,9.9,176,125,58.5,9.9,10.7,84.4,95.1,58.3,41.7,17:48,13:30,11,17,4.7,60,50.0
60,Justin Brazeau,27,PIT,F,12,124,168,42.5,-3.0,92,116,44.2,-1.9,16.7,89.3,106.0,72.1,27.9,13:29,12:38,1,13,-1.1,36,61.1
Rk,Player,Age,Tm,Pos,GP,CF,CA,CF%,CF% rel,FF,FA,FF%,FF% rel,oiSH%,oiSV%,PDO,oZS%,dZS%,TOI/60,TOI(EV),TK,GV,E+/-,SAtt.,Thru%
61,Gavin Brindley,21,COL,C,14,106,114,48.2,-8.8,71,73,49.3,-6.6,14.3,87.5,101.8,56.7,43.3,8:58,8:04,3,4,-0.1,29,55.2
62,Bobby Brink,24,PHI,RW,15,169,161,51.2,2.9,116,107,52.0,3.8,10.4,87.9,98.3,50.5,49.5,16:22,14:01,1,7,1.2,47,61.7
63,Philip Broberg,24,STL,D,16,284,300,48.6,-1.3,205,198,50.9,1.8,9.2,88.6,97.8,43.5,56.5,22:30,20:06,4,20,2.8,62,40.3
64,Jonas Brodin,32,MIN,D,16,315,309,50.5,2.7,226,212,51.6,4.6,10.5,90.1,100.6,41.5,58.5,21:28,19:47,2,17,-0.6,39,38.5
65,Jonny Brodzinski,32,NYR,C,8,59,69,46.1,-7.7,46,50,47.9,-5.9,6.7,96.7,103.3,50.0,50.0,10:39,9:49,3,3,1.7,21,33.3
66,Connor Brown,32,NJD,RW,11,146,146,50.0,-1.7,105,104,50.2,-2.2,9.9,89.2,99.1,47.7,52.3,15:47,13:20,3,7,-0.4,27,63.0
67,Harrison Brunicke,19,PIT,D,9,122,131,48.2,-0.7,86,88,49.4,-0.1,6.9,86.2,93.1,49.2,50.8,15:43,15:17,1,14,0.6,22,36.4
68,Jacob Bryson,28,BUF,D,6,49,57,46.2,-3.0,31,40,43.7,-3.9,14.3,96.3,110.6,37.5,62.5,10:07,9:49,1,3,0.1,10,10.0
69,Pavel Buchnevich,30,STL,LW,16,208,199,51.1,2.3,135,148,47.7,-2.8,10.7,83.0,93.7,54.7,45.3,17:58,13:45,3,17,-1.9,55,50.9
70,Zeev Buium,20,MIN,D,17,270,289,48.3,-0.4,186,220,45.8,-3.9,5.0,89.9,94.8,47.3,52.7,18:48,15:47,3,21,-5.3,50,44.0
71,Michael Bunting,30,NSH,LW,18,217,201,51.9,0.6,143,157,47.7,-0.6,11.8,86.7,98.5,62.8,37.2,14:19,11:57,1,16,-2.0,58,36.2
72,AndrÃ© Burakovsky,30,CHI,LW,15,224,236,48.7,2.4,178,177,50.1,5.4,12.5,91.7,104.2,63.9,36.1,17:28,15:18,10,12,-1.2,54,46.3
73,Brent Burns,40,COL,D/RW,16,315,263,54.5,-1.4,213,191,52.7,-4.0,11.5,89.9,101.4,46.9,53.1,20:37,17:13,4,13,3.4,77,44.2
74,Quinton Byfield,23,LAK,C,16,244,205,54.3,2.2,184,146,55.8,5.1,9.0,88.5,97.5,53.0,47.0,19:60,14:47,7,14,2.5,59,61.0
75,Bowen Byram,24,BUF,D,15,276,298,48.1,0.4,199,218,47.7,0.2,8.5,86.8,95.3,50.0,50.0,21:51,18:44,2,18,-1.0,43,37.2
76,Michael Callahan,26,BOS,D,3,48,32,60.0,13.1,38,21,64.4,16.7,6.9,73.3,80.2,47.8,52.2,16:27,15:14,1,3,0.8,3,66.7
77,Kyle Capobianco,28,DAL,D,3,16,16,50.0,7.6,11,12,47.8,10.8,11.1,100.0,111.1,61.5,38.5,6:24,6:24,1,1,0.2,4,50.0
78,Michael Carcone,29,UTA,F,14,176,128,57.9,6.1,131,92,58.7,5.4,8.4,82.7,91.1,60.2,39.8,10:52,10:39,1,6,2.5,57,47.4
79,Ethan Cardwell,23,SJS,RW,4,40,45,47.1,3.1,22,36,37.9,-3.3,7.7,100.0,107.7,43.5,56.5,12:21,11:41,1,2,-0.8,11,27.3
80,Brandon Carlo,29,TOR,D,16,240,309,43.7,-4.9,180,217,45.3,-4.3,14.5,89.0,103.5,41.8,58.2,20:02,17:26,1,18,-2.3,46,47.8
Rk,Player,Age,Tm,Pos,GP,CF,CA,CF%,CF% rel,FF,FA,FF%,FF% rel,oiSH%,oiSV%,PDO,oZS%,dZS%,TOI/60,TOI(EV),TK,GV,E+/-,SAtt.,Thru%
81,John Carlson,36,WSH,D,15,336,214,61.1,7.7,229,158,59.2,7.1,11.3,85.4,96.7,52.0,48.0,23:26,17:16,13,25,6.6,88,39.8
82,Leo Carlsson,21,ANA,C,15,246,172,58.9,10.7,172,128,57.3,10.5,16.7,88.5,105.1,55.5,44.5,18:52,13:16,5,13,2.0,80,46.3
83,Sam Carrick,33,NYR,C,17,173,179,49.1,-3.4,118,127,48.2,-4.4,9.1,95.7,104.7,25.3,74.7,12:34,10:36,4,5,-1.9,43,53.5
84,Alexandre Carrier,29,MTL,D,15,202,233,46.4,-2.0,144,163,46.9,-3.1,11.4,86.8,98.2,32.3,67.7,18:31,15:22,9,11,-1.6,31,38.7
85,William Carrier,31,CAR,LW,9,125,75,62.5,5.2,79,55,59.0,-0.1,14.6,88.1,102.7,45.2,54.8,10:53,10:48,1,5,0.6,26,26.9
86,Seamus Casey,22,NJD,D,2,34,31,52.3,-4.6,20,27,42.6,-11.1,0.0,85.0,85.0,75.9,24.1,18:01,18:01,2,3,-1.5,8,50.0
87,Noah Cates,26,PHI,LW,15,146,156,48.3,-0.9,113,109,50.9,2.3,11.7,93.5,105.2,41.4,58.6,17:29,12:54,4,9,3.6,50,62.0
88,Berkly Catton,20,SEA,F,10,113,104,52.1,6.4,83,73,53.2,10.0,7.7,93.9,101.6,61.3,38.7,12:11,11:34,2,6,0.3,17,58.8
89,Cole Caufield,25,MTL,RW,15,232,191,54.8,10.1,174,126,58.0,12.9,13.3,92.4,105.7,54.5,45.5,18:19,15:25,5,11,6.1,68,57.4
90,Cody Ceci,32,LAK,D,16,210,233,47.4,-7.6,146,173,45.8,-9.3,5.0,90.3,95.2,39.7,60.3,17:29,15:20,4,11,-3.4,39,43.6
91,Macklin Celebrini,19,SJS,F,16,227,288,44.1,0.6,149,209,41.6,0.7,18.1,92.0,110.1,53.5,46.5,20:37,17:08,6,21,1.6,93,52.7
92,Erik ÄernÃ¡k,28,TBL,D,15,211,253,45.5,-8.6,149,168,47.0,-6.5,14.8,89.3,104.1,38.9,61.1,19:13,16:12,2,10,-1.8,31,32.3
93,Thomas Chabot,29,OTT,D,16,291,291,50.0,-0.8,215,204,51.3,-0.5,13.9,89.7,103.6,58.4,41.6,22:52,19:20,6,12,0.8,66,28.8
94,Mitchell Chaffee,28,TBL,F,7,54,56,49.1,-0.3,40,41,49.4,1.6,0.0,100.0,100.0,55.2,44.8,9:29,8:15,0,5,0.4,10,80.0
95,Jalen Chatfield,29,CAR,D,13,266,235,53.1,-5.8,180,169,51.6,-7.3,12.5,90.3,102.8,55.6,44.4,19:50,17:10,1,12,-1.2,53,37.7
96,Ben Chiarot,34,DET,D,16,292,300,49.3,-5.0,209,213,49.5,-5.1,8.8,90.5,99.3,41.8,58.2,20:29,18:38,4,22,-2.0,51,31.4
97,Nikita Chibrikov,22,WPG,RW,7,51,59,46.4,2.3,29,40,42.0,-3.4,25.0,87.5,112.5,64.5,35.5,9:17,9:15,2,6,-1.8,14,28.6
98,Yegor Chinakhov,24,CBJ,RW,10,101,91,52.6,0.3,73,67,52.1,0.2,8.3,93.2,101.5,38.0,62.0,10:20,10:19,3,4,-0.2,29,58.6
99,Declan Chisholm,26,WSH,D,6,65,73,47.1,-9.2,42,53,44.2,-11.5,8.3,100.0,108.3,58.8,41.2,14:10,12:52,3,6,0.1,10,30.0
100,Jaroslav Chmelar,22,NYR,RW,2,10,11,47.6,-5.2,7,10,41.2,-13.9,0.0,90.0,90.0,28.6,71.4,7:14,7:14,0,1,-0.7,2,50.0
Rk,Player,Age,Tm,Pos,GP,CF,CA,CF%,CF% rel,FF,FA,FF%,FF% rel,oiSH%,oiSV%,PDO,oZS%,dZS%,TOI/60,TOI(EV),TK,GV,E+/-,SAtt.,Thru%
101,Dennis Cholowski,27,NJD,D,5,46,81,36.2,-15.1,34,53,39.1,-14.2,9.1,89.5,98.6,41.4,58.6,14:33,14:21,1,3,-1.9,5,20.0
102,Jake Christiansen,26,CBJ,D,11,120,109,52.4,1.7,79,81,49.4,-0.3,2.0,91.1,93.1,52.6,47.4,10:28,10:28,0,4,-1.7,28,25.0
103,Jakob Chychrun,27,WSH,D,15,373,243,60.6,7.4,263,183,59.0,7.5,10.1,92.9,103.0,64.6,35.4,23:48,20:14,6,23,7.9,109,44.0
104,Filip Chytil,26,VAN,C,6,92,89,50.8,11.0,69,73,48.6,8.2,8.3,91.5,99.8,58.7,41.3,15:38,14:28,2,3,0.0,22,68.2
105,Anthony Cirelli,28,TBL,C,14,210,193,52.1,0.4,151,135,52.8,0.7,16.3,90.5,106.8,49.0,51.0,18:40,13:36,5,7,2.4,40,52.5
106,Casey Cizikas,34,NYI,C,16,113,160,41.4,-9.5,74,106,41.1,-11.3,7.5,85.7,93.3,52.4,47.6,10:18,9:35,1,7,-3.7,19,63.2
107,Brandt Clarke,22,LAK,D,16,281,203,58.1,7.7,195,129,60.2,11.4,9.2,93.1,102.3,58.2,41.8,17:02,15:14,5,18,4.6,56,58.9
108,Connor Clifton,30,PIT,D,6,88,94,48.4,2.7,62,62,50.0,5.2,7.9,86.8,94.7,36.2,63.8,16:50,15:36,1,5,-0.6,18,27.8
109,Sam Colangelo,24,ANA,RW,7,58,79,42.3,-9.4,38,63,37.6,-12.9,8.3,88.9,97.2,54.3,45.7,10:12,9:59,0,6,-3.0,11,27.3
110,Ian Cole,36,UTA,D,16,225,225,50.0,-3.5,172,139,55.3,1.7,14.8,88.4,103.2,45.8,54.2,18:13,15:21,3,17,3.5,33,39.4
111,Blake Coleman,34,CGY,C,17,241,203,54.3,1.3,170,151,53.0,0.6,7.7,90.1,97.8,29.6,70.4,17:17,13:28,3,21,1.9,72,56.9
112,Ross Colton,29,COL,C,16,245,165,59.8,5.8,175,115,60.3,6.7,7.7,90.0,97.7,46.0,54.0,12:20,11:47,5,14,3.6,67,49.3
113,J.T. Compher,30,DET,LW,16,233,222,51.2,-1.8,150,155,49.2,-4.9,8.9,88.5,97.4,44.8,55.2,16:28,13:40,0,8,-1.4,35,48.6
114,Kyle Connor,29,WPG,LW,15,230,261,46.8,4.0,176,196,47.3,3.5,16.0,89.2,105.2,60.0,40.0,20:26,15:24,6,16,1.5,94,61.7
115,Logan Cooley,21,UTA,C,16,206,201,50.6,-2.5,150,150,50.0,-5.8,15.8,86.5,102.3,65.1,34.9,18:47,14:17,5,22,-0.7,49,59.2
116,Braeden Cootes,18,VAN,C,3,16,41,28.1,-22.4,12,28,30.0,-19.1,0.0,88.9,88.9,58.3,41.7,10:47,9:38,0,4,-1.9,0,
117,Andrew Copp,31,DET,C,16,182,195,48.3,-5.5,117,133,46.8,-7.6,6.2,87.3,93.5,39.7,60.3,14:57,12:44,2,15,-1.2,33,39.4
118,Matthew Coronato,23,CGY,RW,16,227,195,53.8,0.0,151,142,51.5,-2.1,4.7,84.4,89.1,66.4,33.6,16:51,12:54,5,9,-0.6,86,48.8
119,Paul Cotter,26,NJD,C,16,164,217,43.0,-9.2,113,146,43.6,-9.9,7.7,89.0,96.7,56.9,43.1,11:54,11:52,3,9,-3.2,31,51.6
120,Nick Cousins,32,OTT,C,16,152,143,51.5,1.3,105,90,53.8,2.8,11.0,88.5,99.4,58.8,41.3,11:08,11:06,4,14,3.3,27,44.4
Rk,Player,Age,Tm,Pos,GP,CF,CA,CF%,CF% rel,FF,FA,FF%,FF% rel,oiSH%,oiSV%,PDO,oZS%,dZS%,TOI/60,TOI(EV),TK,GV,E+/-,SAtt.,Thru%
121,Sean Couturier,33,PHI,C,14,194,178,52.2,5.1,129,123,51.2,3.2,11.5,88.5,99.9,56.0,44.0,18:26,14:30,7,13,1.4,45,44.4
122,Easton Cowan,20,TOR,RW,10,119,109,52.2,3.5,79,77,50.6,-1.1,10.5,90.6,101.1,46.7,53.3,12:33,11:30,0,11,0.6,30,50.0
123,Charlie Coyle,33,CBJ,C/RW,15,225,205,52.3,-0.1,164,155,51.4,0.1,9.2,89.8,99.0,45.8,54.2,16:59,13:35,5,10,0.1,42,54.8
124,Dylan Cozens,24,OTT,C,16,189,198,48.8,-2.2,135,143,48.6,-4.2,8.3,84.5,92.9,48.9,51.1,17:20,14:12,0,14,-4.3,62,54.8
125,Louis Crevier,24,CHI,D,15,140,188,42.7,-4.9,109,144,43.1,-4.1,16.2,94.4,110.6,19.4,80.6,13:22,11:12,2,7,-0.5,33,45.5
126,Sidney Crosby,38,PIT,C,17,275,313,46.8,-1.5,188,219,46.2,-2.7,12.2,90.3,102.5,58.7,41.3,19:26,16:32,6,17,-0.2,73,53.4
127,Lawson Crouse,28,UTA,LW,16,202,151,57.2,6.4,147,107,57.9,5.0,6.3,87.9,94.1,46.3,53.7,14:15,11:15,3,13,2.0,62,48.4
128,Maxwell Crozier,25,TBL,D,5,61,48,56.0,13.1,43,37,53.8,11.4,12.5,92.3,104.8,51.4,48.6,12:32,12:19,1,1,-0.4,15,33.3
129,William Cuylle,23,NYR,LW,17,262,232,53.0,1.7,172,170,50.3,-1.9,8.5,87.7,96.2,52.5,47.5,17:26,14:41,4,4,1.8,83,50.6
130,Charle-Edouard D'Astous,27,TBL,D,8,96,89,51.9,-1.8,70,64,52.2,-3.6,17.8,82.9,100.7,42.3,57.7,15:05,13:19,5,5,1.5,17,47.1
131,Colton Dach,23,CHI,C,16,145,168,46.3,0.2,110,131,45.6,-0.3,5.2,90.0,95.2,44.8,55.2,13:10,12:05,6,10,-2.8,41,56.1
132,Kirby Dach,25,MTL,C/RW,12,117,141,45.3,-4.0,86,93,48.0,-2.0,14.1,87.3,101.3,55.9,44.1,13:43,12:20,4,5,1.5,33,57.6
133,Evgenii Dadonov,36,NJD,RW,1,6,8,42.9,2.9,4,4,50.0,12.5,0.0,100.0,100.0,0.0,100.0,9:32,8:25,0,1,0.4,3,66.7
134,Rasmus Dahlin,25,BUF,D,14,294,268,52.3,6.7,196,203,49.1,1.4,5.0,86.7,91.7,51.4,48.6,24:27,19:33,6,31,-0.8,98,38.8
135,Phillip Danault,32,LAK,C,16,218,195,52.8,0.0,136,143,48.7,-4.8,6.3,95.3,101.7,48.3,51.7,16:50,13:43,2,14,0.4,43,48.8
136,Justin Danforth,32,BUF,RW/C,4,27,38,41.5,-9.1,15,26,36.6,-12.3,0.0,88.9,88.9,55.6,44.4,11:42,8:58,0,3,-1.1,6,33.3
137,Nate Danielson,21,DET,C,1,18,13,58.1,-15.1,13,9,59.1,-14.0,0.0,100.0,100.0,57.1,42.9,15:16,11:46,1,0,0.3,5,80.0
138,Tony DeAngelo,30,NYI,D,16,244,248,49.6,0.6,184,183,50.1,-0.6,8.9,89.2,98.1,61.9,38.1,17:24,15:21,2,20,-5.1,58,55.2
139,Alex DeBrincat,28,DET,RW,16,245,190,56.3,5.3,183,131,58.3,7.6,8.0,87.9,95.9,47.4,52.6,17:32,13:36,3,18,2.6,118,52.5
140,Jake DeBrusk,29,VAN,LW,17,203,261,43.8,-3.9,157,193,44.9,-3.7,9.9,91.1,101.0,49.7,50.3,17:54,13:09,2,15,-1.5,80,63.8
Rk,Player,Age,Tm,Pos,GP,CF,CA,CF%,CF% rel,FF,FA,FF%,FF% rel,oiSH%,oiSV%,PDO,oZS%,dZS%,TOI/60,TOI(EV),TK,GV,E+/-,SAtt.,Thru%
141,Luca Del Bel Belluz,22,CBJ,C,2,15,12,55.6,0.1,10,5,66.7,14.4,0.0,100.0,100.0,50.0,50.0,8:22,8:22,0,0,0.1,2,50.0
142,Ethan Del Mastro,23,CHI,D,1,13,24,35.1,-11.0,10,17,37.0,-6.1,0.0,90.9,90.9,14.3,85.7,17:35,15:37,0,1,-0.7,1,100.0
143,Ty Dellandrea,25,SJS,C,16,125,181,40.8,-3.6,85,128,39.9,-1.6,8.1,88.0,96.0,31.1,68.9,13:44,10:41,3,8,-1.5,29,55.2
144,Dylan DeMelo,32,WPG,D,15,219,271,44.7,0.7,172,186,48.0,4.6,13.7,90.8,104.5,53.0,47.0,21:35,18:10,3,20,-0.4,29,37.9
145,Ivan Demidov,20,MTL,RW,15,144,167,46.3,-1.9,108,117,48.0,-1.3,22.1,87.3,109.4,58.2,41.8,13:47,11:33,5,18,2.6,45,40.0
146,Vincent Desharnais,29,SJS,D,12,141,150,48.5,2.4,93,98,48.7,7.0,12.3,91.2,103.5,41.0,59.0,16:20,12:58,0,7,1.2,19,36.8
147,Nick DeSimone,31,UTA,D,1,8,13,38.1,-21.4,6,9,40.0,-19.7,20.0,83.3,103.3,11.1,88.9,12:47,12:47,0,2,-0.2,3,33.3
148,Nicolas Deslauriers,34,PHI,LW,6,34,47,42.0,-6.9,22,33,40.0,-10.7,0.0,89.5,89.5,52.9,47.1,7:40,7:39,1,2,-0.8,5,40.0
149,Connor Dewar,26,PIT,C,17,173,171,50.3,3.1,121,120,50.2,2.8,8.3,91.4,99.7,11.0,89.0,13:25,11:04,4,5,-0.3,59,55.9
150,Jason Dickinson,30,CHI,C,8,82,79,50.9,3.9,63,59,51.6,5.7,14.3,79.4,93.7,17.6,82.4,14:16,11:58,3,10,1.3,22,45.5
151,Sam Dickinson,19,SJS,D,12,143,135,51.4,10.2,102,101,50.2,11.8,10.1,86.8,96.9,44.2,55.8,14:21,13:41,4,11,2.0,25,56.0
152,Brenden Dillon,35,NJD,D,16,267,253,51.3,1.8,183,163,52.9,2.4,12.6,84.8,97.4,52.6,47.4,19:03,15:51,5,6,0.5,33,36.4
153,Josh Doan,23,BUF,RW,15,224,188,54.4,9.0,163,138,54.2,9.0,10.8,85.9,96.7,49.6,50.4,15:28,12:27,7,14,2.4,66,62.1
154,Noah Dobson,26,MTL,D,15,244,270,47.5,-0.5,176,180,49.4,0.6,15.0,89.7,104.7,43.6,56.4,22:23,18:29,6,20,3.9,53,49.1
155,Max Domi,30,TOR,LW,16,169,191,46.9,0.1,129,140,48.0,-0.2,7.4,83.0,90.4,45.9,54.1,12:34,11:17,4,18,-2.4,50,60.0
156,Ryan Donato,29,CHI,C,16,211,210,50.1,5.5,167,169,49.7,5.4,11.5,91.6,103.1,39.5,60.5,15:17,14:01,4,13,-0.6,65,46.2
157,Pavel Dorofeyev,25,VEG,LW,15,260,173,60.0,13.1,167,116,59.0,10.7,6.3,90.8,97.1,66.0,34.0,17:58,13:54,3,12,5.1,93,47.3
158,Drew Doughty,36,LAK,D,16,325,279,53.8,1.7,224,205,52.2,-0.1,10.7,90.6,101.2,52.2,47.8,23:22,20:09,7,23,2.6,63,36.5
159,Curtis Douglas,25,TBL,C,9,44,45,49.4,-1.6,37,34,52.1,0.6,4.5,100.0,104.5,68.8,31.3,5:07,5:06,1,1,0.3,11,45.5
160,Nic Dowd,35,WSH,C,15,172,160,51.8,-5.7,113,115,49.6,-6.6,7.5,92.8,100.2,14.7,85.3,14:50,12:11,5,7,-0.8,29,55.2
Rk,Player,Age,Tm,Pos,GP,CF,CA,CF%,CF% rel,FF,FA,FF%,FF% rel,oiSH%,oiSV%,PDO,oZS%,dZS%,TOI/60,TOI(EV),TK,GV,E+/-,SAtt.,Thru%
161,Leon Draisaitl,30,EDM,C,17,319,271,54.1,6.6,241,195,55.3,8.0,9.8,89.6,99.4,59.2,40.8,22:22,17:36,7,27,5.4,82,52.4
162,Jonathan Drouin,30,NYI,LW,15,188,170,52.5,4.5,150,117,56.2,7.6,13.4,92.4,105.8,54.4,45.6,17:33,13:36,1,8,0.0,42,47.6
163,Jack Drury,25,COL,C,16,241,188,56.2,1.0,178,130,57.8,3.4,8.9,88.0,96.9,48.6,51.4,14:58,12:37,3,7,1.9,46,52.2
164,Jamie Drysdale,23,PHI,D,15,274,257,51.6,4.3,189,191,49.7,1.0,8.5,90.8,99.4,59.6,40.4,22:06,19:24,1,10,1.7,53,28.3
165,Pierre-Luc Dubois,27,WSH,LW,6,95,75,55.9,4.7,62,57,52.1,4.7,7.5,91.9,99.4,50.0,50.0,15:32,13:03,1,2,0.5,19,47.4
166,Matt Duchene,35,DAL,C,4,39,51,43.3,0.8,25,32,43.9,-3.2,16.7,90.5,107.1,40.7,59.3,14:27,12:48,1,1,1.0,5,60.0
167,Anthony Duclair,30,NYI,LW,16,181,212,46.1,-4.3,120,147,44.9,-7.4,9.6,95.0,104.7,58.0,42.0,13:48,12:38,2,8,-3.3,41,56.1
168,Brandon Duhaime,28,WSH,RW,15,146,124,54.1,-2.6,94,94,50.0,-5.7,5.5,90.9,96.4,13.6,86.4,12:34,10:25,1,4,-0.8,25,32.0
169,Mathew Dumba,31,PIT,D,5,66,80,45.2,-0.3,49,56,46.7,1.5,5.9,91.2,97.1,47.5,52.5,15:02,14:47,4,6,0.4,11,27.3
170,Brian Dumoulin,34,LAK,D,16,244,246,49.8,-4.4,174,184,48.6,-5.5,5.2,91.1,96.2,53.4,46.6,19:32,16:52,6,21,-0.3,39,43.6
171,Vince Dunn,29,SEA,D,15,252,289,46.6,-0.4,180,194,48.1,2.8,8.1,89.1,97.2,51.9,48.1,23:23,19:56,4,18,-0.6,86,47.7
172,Joshua Dunne,27,BUF,C,9,81,68,54.4,7.3,59,41,59.0,13.2,2.6,96.3,98.9,26.3,73.7,9:19,9:07,1,5,0.5,13,53.8
173,Sean Durzi,27,UTA,D,2,30,32,48.4,3.7,25,19,56.8,11.5,6.3,92.9,99.1,65.0,35.0,18:56,16:39,1,4,0.3,3,66.7
174,Christian Dvorak,29,PHI,C,15,186,198,48.4,-0.8,135,145,48.2,-1.3,13.6,91.2,104.8,56.9,43.1,17:00,14:10,2,8,1.6,44,59.1
175,Dalibor Dvorsky,20,STL,C,6,54,70,43.5,-2.3,42,40,51.2,3.0,0.0,96.4,96.4,61.4,38.6,14:28,12:33,1,1,-0.1,14,57.1
176,Jordan Eberle,35,SEA,RW,15,237,223,51.5,6.8,168,165,50.5,6.0,11.5,90.0,101.5,54.5,45.5,19:47,16:40,3,15,-1.1,77,53.2
177,Joel Edmundson,32,LAK,D,16,251,221,53.2,0.6,171,144,54.3,2.9,8.7,92.8,101.5,54.9,45.1,17:04,14:31,2,13,0.9,55,41.8
178,Adam Edstrom,25,NYR,C,15,142,136,51.1,-0.8,99,96,50.8,-0.7,8.2,95.6,103.8,32.9,67.1,9:59,9:44,5,7,-0.8,18,55.6
179,Simon Edvinsson,22,DET,D,16,318,267,54.4,2.9,226,180,55.7,4.5,9.2,86.3,95.5,46.1,53.9,21:24,19:28,3,17,-1.4,49,42.9
180,Nikolaj Ehlers,29,CAR,LW,15,229,164,58.3,0.6,170,112,60.3,3.8,9.9,89.5,99.4,62.6,37.4,16:21,13:16,6,15,3.4,87,50.6
Rk,Player,Age,Tm,Pos,GP,CF,CA,CF%,CF% rel,FF,FA,FF%,FF% rel,oiSH%,oiSV%,PDO,oZS%,dZS%,TOI/60,TOI(EV),TK,GV,E+/-,SAtt.,Thru%
181,Jack Eichel,29,VEG,C,15,258,266,49.2,-2.1,200,189,51.4,0.5,13.7,89.7,103.4,51.8,48.2,21:05,15:38,13,31,4.8,100,63.0
182,Aaron Ekblad,29,FLA,D,16,284,252,53.0,-0.2,202,183,52.5,-0.6,8.3,88.4,96.6,57.9,42.1,23:03,17:21,4,8,0.3,61,41.0
183,Mattias Ekholm,35,EDM,D,17,322,255,55.8,9.2,235,176,57.2,10.7,6.8,82.9,89.7,53.4,46.6,20:08,17:57,10,28,5.4,71,45.1
184,William Eklund,23,SJS,LW,12,166,204,44.9,2.3,106,146,42.1,1.0,11.7,85.2,96.9,48.6,51.4,19:50,16:05,3,14,-1.3,64,48.4
185,Oliver Ekman-Larsson,34,TOR,D,16,263,299,46.8,-0.1,192,215,47.2,-1.5,13.3,90.1,103.5,56.8,43.2,20:15,17:50,5,27,-0.1,46,39.1
186,Lars Eller,36,OTT,C,16,144,177,44.9,-7.2,95,108,46.8,-6.0,10.4,87.5,97.9,40.0,60.0,13:39,10:57,2,9,-0.5,35,51.4
187,Ty Emberson,25,EDM,D,15,177,178,49.9,-0.2,121,122,49.8,-0.6,10.3,88.9,99.1,39.5,60.5,15:41,14:13,4,11,0.9,24,45.8
188,Joel Eriksson Ek,29,MIN,C/LW,17,227,231,49.6,1.4,160,160,50.0,2.1,8.6,86.3,94.8,45.7,54.3,19:22,13:36,5,7,-0.3,87,58.6
189,Adam Erne,30,DAL,LW,13,83,127,39.5,-5.5,56,89,38.6,-7.8,10.5,94.4,105.0,39.3,60.7,9:42,9:41,1,4,-0.7,23,39.1
190,Luke Evangelista,23,NSH,RW,17,259,150,63.3,14.7,170,112,60.3,15.2,8.4,88.8,97.2,61.1,38.9,15:07,12:51,6,18,2.9,60,55.0
191,Jake Evans,29,MTL,C/RW,15,145,199,42.2,-7.5,93,135,40.8,-10.7,6.7,87.5,94.2,14.9,85.1,16:03,12:29,3,15,-4.6,38,44.7
192,Ryker Evans,24,SEA,D,2,37,25,59.7,5.8,24,18,57.1,5.5,10.0,91.7,101.7,60.0,40.0,17:48,16:35,0,4,0.6,9,55.6
193,Michael Eyssimont,29,BOS,C,17,186,177,51.2,3.6,130,128,50.4,1.5,9.6,84.3,94.0,40.4,59.6,11:25,10:40,2,8,-1.4,58,62.1
194,Dante Fabbro,27,CBJ,D,15,257,257,50.0,-3.5,172,184,48.3,-4.3,7.9,91.6,99.5,57.4,42.6,17:18,15:20,4,10,-3.2,37,37.8
195,Brock Faber,23,MIN,D,17,346,363,48.8,0.4,247,253,49.4,1.6,7.9,88.6,96.5,41.0,59.0,23:29,20:41,8,17,-5.9,78,50.0
196,Radek Faksa,32,DAL,C,15,79,122,39.3,-4.3,50,75,40.0,-5.9,14.3,89.3,103.6,20.8,79.2,11:37,9:33,3,6,-1.9,13,46.2
197,Adam Fantilli,21,CBJ,C,15,274,214,56.1,5.3,192,162,54.2,4.1,10.4,84.5,94.9,64.3,35.7,16:14,14:38,5,17,0.7,84,41.7
198,Joel Farabee,25,CGY,LW,17,250,213,54.0,0.9,169,147,53.5,1.3,4.1,90.6,94.7,63.4,36.6,17:46,13:01,1,14,-0.5,55,52.7
199,Justin Faulk,33,STL,D,16,265,305,46.5,-4.7,184,210,46.7,-4.9,9.4,89.9,99.2,54.7,45.3,23:32,19:42,5,12,1.3,56,51.8
200,Martin FehÃ©rvÃ¡ry,26,WSH,D,15,273,221,55.3,-1.4,196,150,56.6,2.9,9.7,89.4,99.1,42.2,57.8,18:57,16:21,0,12,6.1,38,47.4
Rk,Player,Age,Tm,Pos,GP,CF,CA,CF%,CF% rel,FF,FA,FF%,FF% rel,oiSH%,oiSV%,PDO,oZS%,dZS%,TOI/60,TOI(EV),TK,GV,E+/-,SAtt.,Thru%
201,Domenick Fensore,24,CAR,D,1,10,21,32.3,-22.3,6,15,28.6,-22.3,0.0,80.0,80.0,54.5,45.5,19:22,18:17,0,0,-0.9,5,40.0
202,Mario Ferraro,27,SJS,D,16,222,308,41.9,-2.8,143,220,39.4,-2.7,12.4,91.2,103.5,45.1,54.9,20:53,17:19,7,20,0.1,42,42.9
203,Kevin Fiala,29,LAK,LW,16,235,213,52.5,-0.5,177,149,54.3,2.9,6.8,89.8,96.6,53.6,46.4,18:39,14:59,4,23,0.7,98,55.1
204,Jack Finley,23,TBL,C,4,30,44,40.5,-9.2,23,33,41.1,-5.0,0.0,100.0,100.0,33.3,66.7,8:29,8:20,0,0,0.3,3,100.0
205,Emmitt Finnie,20,DET,C,16,229,209,52.3,-0.3,169,146,53.7,1.2,12.1,92.9,105.1,45.0,55.0,16:55,14:18,8,16,0.1,45,60.0
206,Cale Fleury,27,SEA,D,4,43,59,42.2,-4.3,33,45,42.3,-3.0,5.3,96.9,102.1,24.0,76.0,14:44,13:27,1,3,-0.8,9,33.3
207,Haydn Fleury,29,WPG,D,14,151,205,42.4,-4.0,111,149,42.7,-4.8,4.2,89.2,93.4,47.5,52.5,15:27,13:02,5,11,-4.0,26,42.3
208,Warren Foegele,29,LAK,LW,11,135,105,56.3,4.0,88,77,53.3,1.3,4.8,92.2,96.9,52.5,47.5,13:11,11:34,0,13,0.2,30,46.7
209,Tyson Foerster,24,PHI,RW,11,119,113,51.3,4.9,86,76,53.1,6.4,14.3,95.6,109.8,41.0,59.0,18:18,13:43,3,8,3.1,41,46.3
210,Marcus Foligno,34,MIN,LW,16,210,210,50.0,2.9,140,148,48.6,1.2,1.2,88.4,89.6,36.4,63.6,13:09,12:10,2,8,-1.7,27,51.9
211,Nick Foligno,38,CHI,LW,13,123,122,50.2,6.1,86,87,49.7,6.1,7.8,88.5,96.3,32.0,68.0,14:21,10:37,1,5,0.1,23,52.2
212,Derek Forbort,33,VAN,D,2,7,17,29.2,-17.8,5,10,33.3,-12.3,25.0,87.5,112.5,50.0,50.0,13:56,10:55,0,5,-0.8,1,100.0
213,Parker Ford,25,WPG,F,8,43,77,35.8,-11.5,31,52,37.3,-11.3,9.1,90.3,99.4,30.4,69.6,9:60,9:05,2,0,-1.6,13,38.5
214,Filip Forsberg,31,NSH,C,18,327,252,56.5,7.6,217,198,52.3,6.3,10.4,88.3,98.7,51.5,48.5,18:59,15:29,10,20,1.4,113,50.4
215,Gustav Forsling,29,FLA,D,16,309,249,55.4,3.7,213,181,54.1,1.9,9.9,89.5,99.4,55.2,44.8,22:24,18:56,5,12,0.1,54,38.9
216,Cam Fowler,34,STL,D,16,310,288,51.8,4.0,215,212,50.4,1.0,8.9,86.5,95.3,55.7,44.3,22:49,19:26,2,12,-1.1,61,41.0
217,Adam Fox,27,NYR,D,17,391,286,57.8,10.0,275,201,57.8,10.3,9.4,88.7,98.1,61.3,38.8,23:59,19:16,13,21,3.9,98,36.7
218,Ethen Frank,27,WSH,F,4,34,34,50.0,-6.4,25,23,52.1,-4.7,16.7,93.8,110.4,25.0,75.0,11:34,11:20,0,2,0.2,8,37.5
219,Trent Frederic,27,EDM,C,17,150,194,43.6,-7.9,114,124,47.9,-3.0,5.3,88.9,94.2,45.5,54.5,12:44,12:27,0,7,0.3,30,53.3
220,Morgan Frost,26,CGY,C,17,222,175,55.9,3.4,166,127,56.7,5.6,8.6,90.4,99.0,70.9,29.1,15:60,12:11,3,9,3.3,49,57.1
Rk,Player,Age,Tm,Pos,GP,CF,CA,CF%,CF% rel,FF,FA,FF%,FF% rel,oiSH%,oiSV%,PDO,oZS%,dZS%,TOI/60,TOI(EV),TK,GV,E+/-,SAtt.,Thru%
221,Jonah Gadjovich,27,FLA,LW,10,68,81,45.6,-8.1,39,51,43.3,-9.0,11.5,96.6,108.1,42.6,57.4,7:57,7:55,3,3,0.3,12,66.7
222,Brendan Gallagher,33,MTL,RW,15,171,181,48.6,1.0,119,128,48.2,-1.1,12.6,90.1,102.8,37.2,62.8,13:11,11:39,3,6,0.0,35,54.3
223,Conor Garland,29,VAN,RW,14,216,236,47.8,1.5,158,173,47.7,-0.1,10.4,94.4,104.8,42.5,57.5,20:43,14:16,5,16,0.6,68,57.4
224,Marc Gatcomb,26,NYI,F,1,4,12,25.0,-28.4,2,7,22.2,-31.3,0.0,100.0,100.0,100.0,0.0,8:33,8:33,0,0,-0.6,1,100.0
225,Jacob Gaucher,24,PHI,F,3,23,23,50.0,-6.5,16,14,53.3,-1.8,0.0,87.5,87.5,64.3,35.7,8:46,8:15,0,2,0.0,4,75.0
226,Adam Gaudette,29,SJS,C,12,85,114,42.7,-0.3,55,89,38.2,-2.7,13.9,86.4,100.3,38.1,61.9,10:52,9:18,3,5,-1.7,31,54.8
227,FrÃ©dÃ©rick Gaudreau,32,SEA,C,4,36,51,41.4,-4.9,22,30,42.3,-6.1,7.7,94.7,102.4,16.7,83.3,12:52,11:15,0,3,-1.9,6,50.0
228,Cutter Gauthier,22,ANA,LW,15,297,212,58.3,10.9,203,164,55.3,8.5,15.3,92.5,107.7,54.8,45.2,18:02,15:06,2,11,-1.0,115,60.0
229,Vladislav Gavrikov,30,NYR,D,17,358,311,53.5,2.9,260,215,54.7,5.2,7.4,94.4,101.8,59.1,40.9,22:40,19:60,5,13,0.5,65,40.0
230,Conor Geekie,21,TBL,C,6,48,49,49.5,3.6,32,37,46.4,1.1,10.5,91.3,101.8,58.5,41.5,10:02,9:28,0,5,-0.7,12,41.7
231,Morgan Geekie,27,BOS,C,17,233,267,46.6,-2.5,161,184,46.7,-3.6,11.7,86.3,98.0,53.0,47.0,17:53,14:26,5,12,-1.0,70,55.7
232,Mason Geertsen,30,BUF,D,5,14,16,46.7,-3.0,11,10,52.4,4.8,0.0,87.5,87.5,41.7,58.3,4:07,4:06,0,0,-0.7,2,50.0
233,Patrick Giles,26,SJS,F,3,19,26,42.2,2.1,11,18,37.9,0.4,11.1,100.0,111.1,25.0,75.0,8:52,8:29,0,1,0.9,5,40.0
234,Adam Ginning,26,PHI,D,5,36,72,33.3,-14.5,22,56,28.2,-21.6,16.7,94.3,111.0,48.4,51.6,15:20,13:33,0,5,-1.6,9,22.2
235,Samuel Girard,27,COL,D,2,35,41,46.1,-1.5,23,33,41.1,-6.3,5.6,100.0,105.6,35.5,64.5,18:48,16:19,1,1,-0.1,6,33.3
236,Zemgus Girgensons,32,TBL,C,8,86,90,48.9,-5.8,63,61,50.8,-5.4,10.3,87.5,97.8,43.3,56.7,15:01,13:22,1,5,-1.8,16,43.8
237,Claude Giroux,38,OTT,C/LW,16,201,172,53.9,4.6,148,124,54.4,3.8,18.9,84.9,103.8,43.1,56.9,16:23,12:30,5,16,0.0,45,62.2
238,Cody Glass,26,NJD,C,9,105,89,54.1,5.5,75,64,54.0,3.1,7.7,90.7,98.4,49.1,50.9,12:52,11:41,0,8,-0.3,25,72.0
239,Luke Glendening,36,NJD,C,16,97,157,38.2,-14.1,67,98,40.6,-12.4,8.3,87.9,96.2,43.2,56.8,10:17,8:32,1,6,-2.1,16,62.5
240,Gage Goncalves,25,TBL,C,15,161,149,51.9,0.8,110,102,51.9,0.5,16.4,87.5,103.9,50.0,50.0,12:11,10:51,3,10,1.3,28,35.7
Rk,Player,Age,Tm,Pos,GP,CF,CA,CF%,CF% rel,FF,FA,FF%,FF% rel,oiSH%,oiSV%,PDO,oZS%,dZS%,TOI/60,TOI(EV),TK,GV,E+/-,SAtt.,Thru%
241,Barclay Goodrow,32,SJS,RW,16,96,163,37.1,-8.0,68,118,36.6,-5.6,5.8,91.5,97.2,27.0,73.0,11:40,9:13,3,7,-0.6,23,60.9
242,Shayne Gostisbehere,32,CAR,D,6,94,46,67.1,11.3,72,28,72.0,16.1,20.0,89.5,109.5,78.6,21.4,14:34,11:29,2,3,4.2,19,31.6
243,Yanni Gourde,34,TBL,C,15,187,177,51.4,0.1,135,132,50.6,-1.3,11.0,92.1,103.1,41.8,58.2,16:01,13:38,2,16,-2.8,40,67.5
244,Collin Graf,23,SJS,F,15,133,198,40.2,-6.4,83,142,36.9,-7.3,11.5,89.4,100.9,37.5,62.5,14:54,11:48,4,9,-3.1,28,35.7
245,Mikael Granlund,33,ANA,C,8,123,118,51.0,-1.4,89,86,50.9,-0.2,11.5,91.1,102.5,43.1,56.9,17:18,12:19,3,6,-0.4,33,57.6
246,Ryan Graves,30,PIT,D,3,50,31,61.7,11.9,37,18,67.3,19.7,8.0,91.7,99.7,48.0,52.0,15:26,15:14,0,4,0.3,12,66.7
247,Nikita Grebenkin,22,PHI,RW,11,77,79,49.4,-0.6,60,55,52.2,3.6,8.1,84.6,92.7,63.6,36.4,9:20,9:19,2,7,0.3,15,33.3
248,Ryan Greene,22,CHI,C,16,168,203,45.3,-1.1,121,160,43.1,-3.7,11.0,96.0,106.9,48.7,51.3,14:05,12:05,4,6,-0.8,17,52.9
249,Jordan Greenway,28,BUF,LW,5,54,67,44.6,-1.4,39,52,42.9,-5.0,3.7,89.5,93.2,43.5,56.5,14:28,12:09,1,1,-0.2,10,70.0
250,A.J. Greer,29,FLA,LW,16,105,128,45.1,-9.5,66,83,44.3,-10.0,11.9,92.2,104.1,46.8,53.2,8:58,8:40,0,7,-0.8,19,47.4
251,Noah Gregor,27,FLA,C,5,29,21,58.0,2.1,21,14,60.0,1.6,0.0,88.9,88.9,50.0,50.0,8:32,8:08,0,1,0.9,9,66.7
252,Ridly Greig,23,OTT,C,16,187,194,49.1,-1.9,142,134,51.4,-0.2,12.2,87.2,99.5,37.3,62.7,17:24,13:11,3,7,-3.0,44,54.5
253,Matvei Gridin,19,CGY,F,4,53,57,48.2,-3.1,36,40,47.4,-5.3,16.7,80.0,96.7,70.3,29.7,14:43,13:41,2,6,-0.9,15,60.0
254,Arseny Gritsyuk,24,NJD,RW,16,245,184,57.1,9.5,175,130,57.4,8.5,7.2,90.9,98.1,47.9,52.1,13:58,13:09,6,7,1.4,61,55.7
255,Carl GrundstrÃ¶m,28,PHI,RW,1,6,8,42.9,-17.7,5,6,45.5,-9.9,0.0,100.0,100.0,50.0,50.0,10:17,10:00,0,1,-0.1,1,0.0
256,Matt Grzelcyk,32,CHI,D,16,222,201,52.5,8.8,177,147,54.6,12.2,13.4,94.0,107.4,58.2,41.8,15:06,14:40,4,11,1.1,36,58.3
257,Radko Gudas,35,ANA,D,7,100,97,50.8,-1.7,67,65,50.8,-0.2,4.5,84.1,88.6,56.4,43.6,15:35,13:40,2,6,-1.8,16,50.0
258,Erik Gudbranson,34,CBJ,D,4,44,40,52.4,-4.8,31,31,50.0,-7.8,4.2,85.0,89.2,50.0,50.0,14:51,10:41,1,3,-0.3,7,42.9
259,Dylan Guenther,22,UTA,RW,16,208,184,53.1,0.9,152,133,53.3,-1.1,14.4,84.3,98.7,65.4,34.6,17:57,13:37,3,15,2.5,100,52.0
260,Jake Guentzel,31,TBL,C,15,236,235,50.1,-1.8,171,175,49.4,-3.1,16.8,87.2,104.0,54.3,45.7,20:49,14:48,5,12,0.2,62,66.1
Rk,Player,Age,Tm,Pos,GP,CF,CA,CF%,CF% rel,FF,FA,FF%,FF% rel,oiSH%,oiSV%,PDO,oZS%,dZS%,TOI/60,TOI(EV),TK,GV,E+/-,SAtt.,Thru%
261,Kaiden Guhle,24,MTL,D,5,65,88,42.5,-11.1,38,60,38.8,-17.6,15.4,92.7,108.1,38.3,61.7,19:14,17:37,3,7,-0.1,13,53.8
262,Brandon Hagel,27,TBL,LW,15,293,227,56.3,7.9,208,159,56.7,8.0,12.0,92.1,104.1,59.7,40.3,20:38,15:51,7,20,3.0,102,43.1
263,Nicolas Hague,27,NSH,D,10,169,169,50.0,-1.1,111,137,44.8,-3.5,9.0,89.1,98.1,41.2,58.8,20:06,17:50,1,8,-3.7,29,24.1
264,Hunter Haight,21,MIN,C,2,11,28,28.2,-28.8,8,21,27.6,-33.8,0.0,81.8,81.8,63.6,36.4,9:22,9:22,0,0,-0.8,0,
265,Taylor Hall,34,CAR,LW,15,227,158,59.0,1.6,161,120,57.3,-0.2,13.7,88.6,102.3,70.3,29.7,14:06,12:20,5,12,0.7,55,45.5
266,Filip Hallander,25,PIT,C,13,157,173,47.6,1.8,103,123,45.6,-1.1,9.2,95.2,104.4,48.8,51.2,13:09,11:51,2,12,0.8,47,46.8
267,Brian Halonen,27,NJD,F,9,43,65,39.8,-10.4,30,37,44.8,-7.2,9.1,85.7,94.8,56.1,43.9,7:30,7:30,2,2,-1.0,11,36.4
268,Dougie Hamilton,32,NJD,D,14,250,230,52.1,2.9,180,150,54.5,5.2,7.9,90.3,98.2,46.4,53.6,20:59,16:50,2,25,1.0,81,43.2
269,Travis Hamonic,35,DET,D,9,100,117,46.1,-9.0,69,89,43.7,-13.2,8.5,90.2,98.7,41.4,58.6,13:53,12:19,1,8,-2.2,17,58.8
270,Noah Hanifin,29,VEG,D,5,117,93,55.7,4.2,93,74,55.7,3.9,6.2,87.0,93.1,56.9,43.1,23:38,20:40,4,7,1.7,36,44.4
271,Joel Hanley,34,CGY,D,17,275,204,57.4,5.8,181,142,56.0,4.9,4.8,88.5,93.3,52.6,47.4,16:56,15:07,4,18,3.2,38,28.9
272,Jansen Harkins,28,ANA,C,6,28,55,33.7,-17.9,21,41,33.9,-15.3,14.3,92.0,106.3,40.7,59.3,9:20,9:09,2,1,-1.7,7,57.1
273,Thomas Harley,24,DAL,D,16,252,349,41.9,-2.9,174,235,42.5,-4.6,7.6,89.4,97.1,51.6,48.4,23:00,19:58,6,20,0.1,60,30.0
274,Jordan Harris,25,BOS,D,5,80,60,57.1,8.3,59,43,57.8,9.4,7.9,89.3,97.2,43.3,56.7,15:38,13:50,1,5,-0.6,12,75.0
275,Ryan Hartman,31,MIN,RW,17,255,281,47.6,-1.4,181,191,48.7,0.3,4.3,92.0,96.3,33.1,66.9,16:21,14:23,9,12,-1.1,88,45.5
276,Garnet Hathaway,34,PHI,RW,15,98,118,45.4,-4.4,69,81,46.0,-3.7,0.0,87.0,87.0,61.5,38.5,9:52,8:27,1,7,-2.4,13,53.8
277,Erik Haula,34,NSH,LW,18,206,264,43.8,-10.4,133,201,39.8,-11.3,10.9,89.6,100.5,49.7,50.3,16:04,12:45,6,13,-5.2,46,50.0
278,John Hayden,30,SEA,C,3,13,27,32.5,-13.7,9,17,34.6,-10.1,0.0,91.7,91.7,11.1,88.9,10:05,9:00,1,2,-1.2,5,40.0
279,Kevin Hayes,33,PIT,RW,2,21,17,55.3,0.7,17,12,58.6,5.6,0.0,100.0,100.0,77.8,22.2,10:42,10:07,0,2,0.6,3,66.7
280,Barrett Hayton,25,UTA,C,14,186,132,58.5,7.0,146,96,60.3,7.7,10.4,87.9,98.3,50.3,49.7,16:02,14:16,4,10,3.1,39,56.4
Rk,Player,Age,Tm,Pos,GP,CF,CA,CF%,CF% rel,FF,FA,FF%,FF% rel,oiSH%,oiSV%,PDO,oZS%,dZS%,TOI/60,TOI(EV),TK,GV,E+/-,SAtt.,Thru%
281,Victor Hedman,35,TBL,D,15,288,247,53.8,4.0,203,184,52.5,1.5,10.2,91.9,102.0,63.3,36.7,22:36,16:31,5,25,-0.3,73,31.5
282,Emil Heineman,24,NYI,LW,16,197,162,54.9,7.4,146,122,54.5,5.2,12.4,91.3,103.6,50.0,50.0,14:24,13:00,3,9,2.0,71,50.7
283,Danton Heinen,30,PIT,C/LW,3,39,26,60.0,9.0,28,20,58.3,7.5,0.0,93.8,93.8,37.5,62.5,11:48,10:59,0,0,-0.6,8,62.5
284,Miro Heiskanen,26,DAL,D,16,264,284,48.2,7.3,202,195,50.9,9.2,8.5,88.4,96.9,54.6,45.4,25:21,18:57,10,19,3.0,66,54.5
285,Samuel Helenius,23,LAK,C,2,12,18,40.0,-13.1,10,11,47.6,-3.1,0.0,80.0,80.0,71.4,28.6,9:10,9:10,0,1,-0.2,3,66.7
286,Drew Helleson,24,ANA,D,15,235,274,46.2,-7.2,168,213,44.1,-8.3,13.5,89.8,103.3,44.3,55.7,19:17,16:58,5,13,-8.2,41,39.0
287,Adam Henrique,35,EDM,C,17,163,175,48.2,-2.1,119,113,51.3,1.2,6.3,84.7,91.0,32.8,67.2,13:44,11:36,4,14,0.7,39,66.7
288,TomÃ¡Å¡ Hertl,32,VEG,C,15,249,171,59.3,11.9,159,114,58.2,9.5,10.7,87.5,98.2,63.3,36.7,18:05,14:02,4,10,4.2,77,53.2
289,Vinnie Hinostroza,31,MIN,C,17,181,216,45.6,-3.8,123,154,44.4,-5.2,6.9,90.4,97.3,35.5,64.5,11:59,11:17,6,13,-4.1,42,38.1
290,Roope Hintz,29,DAL,LW,11,122,158,43.6,-0.8,94,101,48.2,1.3,13.3,85.9,99.3,55.2,44.8,18:42,13:54,0,11,1.6,51,70.6
291,Nico Hischier,27,NJD,C,16,253,261,49.2,-1.3,173,181,48.9,-3.4,12.3,91.5,103.7,50.3,49.7,20:40,15:09,8,14,-2.7,68,44.1
292,Hayden Hodgson,29,OTT,RW,1,4,9,30.8,-16.4,2,8,20.0,-27.8,0.0,75.0,75.0,100.0,0.0,6:55,6:48,0,0,0.0,0,
293,Dylan Holloway,24,STL,C,16,240,239,50.1,1.0,170,163,51.1,1.9,10.4,84.9,95.3,55.8,44.2,18:52,16:09,3,14,0.0,71,49.3
294,Pontus Holmberg,26,TBL,RW,15,150,145,50.8,-0.6,107,109,49.5,-2.5,7.7,94.4,102.1,44.1,55.9,12:24,12:00,2,8,-1.7,31,48.4
295,Simon HolmstrÃ¶m,24,NYI,RW,16,176,207,46.0,-4.4,128,144,47.1,-4.7,12.3,84.5,96.9,45.6,54.4,15:09,11:45,3,11,-3.6,38,44.7
296,Alexander Holtz,24,VEG,RW,7,68,81,45.6,-3.1,48,54,47.1,-3.2,9.7,87.1,96.8,56.0,44.0,11:21,10:40,0,4,0.9,24,50.0
297,Samuel Honzek,21,CGY,LW,15,179,136,56.8,4.1,130,99,56.8,4.8,7.8,86.6,94.3,35.6,64.4,12:34,11:03,1,8,2.0,40,52.5
298,Bo Horvat,30,NYI,C,16,252,166,60.3,15.3,191,121,61.2,15.0,13.4,89.4,102.8,52.6,47.4,20:46,14:10,3,15,4.2,93,59.1
299,Isaac Howard,21,EDM,LW,16,112,149,42.9,-8.4,78,101,43.6,-8.1,12.2,85.2,97.4,50.7,49.3,9:37,9:10,1,8,-0.2,36,44.4
300,Brett Howden,27,VEG,C,11,122,131,48.2,-4.0,84,94,47.2,-5.9,5.5,83.1,88.5,37.8,62.2,14:08,12:49,3,10,-0.5,20,55.0
Rk,Player,Age,Tm,Pos,GP,CF,CA,CF%,CF% rel,FF,FA,FF%,FF% rel,oiSH%,oiSV%,PDO,oZS%,dZS%,TOI/60,TOI(EV),TK,GV,E+/-,SAtt.,Thru%
301,Filip Hronek,28,VAN,D,17,319,352,47.5,1.6,245,260,48.5,1.7,10.9,91.6,102.5,54.8,45.2,24:34,19:60,9,25,-2.4,52,40.4
302,Justin Hryckowian,24,DAL,F,15,88,130,40.4,-3.8,59,95,38.3,-8.2,5.0,93.0,98.0,37.5,62.5,10:25,9:32,4,3,-0.2,21,57.1
303,Jonathan Huberdeau,32,CGY,LW,12,216,156,58.1,5.5,151,118,56.1,4.4,7.0,91.3,98.3,75.0,25.0,19:21,15:05,2,14,3.8,44,54.5
304,Jack Hughes,24,NJD,C,16,308,250,55.2,7.7,219,168,56.6,8.2,11.0,86.2,97.2,63.2,36.8,21:00,16:49,11,35,3.9,122,54.1
305,Luke Hughes,22,NJD,D,16,317,298,51.5,2.3,223,205,52.1,1.5,7.4,93.0,100.4,60.1,39.9,22:42,19:04,4,22,1.7,89,32.6
306,Quinn Hughes,26,VAN,D,13,317,299,51.5,9.4,237,223,51.5,6.6,10.4,89.5,99.9,64.0,36.0,26:54,21:53,2,16,-1.2,94,38.3
307,Daemon Hunt,23,MIN,D,3,29,59,33.0,-13.2,22,41,34.9,-10.4,15.4,100.0,115.4,34.6,65.4,13:21,12:39,0,2,-0.6,3,33.3
308,Lane Hutson,21,MTL,D,15,244,258,48.6,1.2,170,184,48.0,-1.6,12.8,91.1,103.9,61.2,38.8,22:56,19:44,6,20,0.7,45,42.2
309,Ben Hutton,32,VEG,D,10,160,163,49.5,0.4,107,114,48.4,-2.0,12.9,88.8,101.6,57.0,43.0,15:27,14:54,3,13,0.0,33,45.5
310,Alex Iafallo,32,WPG,C,15,134,175,43.4,-1.2,82,122,40.2,-6.2,12.5,90.7,103.2,54.0,46.0,15:50,11:08,2,6,-2.2,48,54.2
311,Vincent Iorio,23,SJS,D,6,62,81,43.4,-5.3,42,61,40.8,-5.6,6.5,85.4,91.8,56.8,43.2,16:20,15:03,0,7,-1.2,4,75.0
312,Dominic James,23,TBL,C,9,101,79,56.1,1.6,72,50,59.0,3.8,12.8,87.9,100.7,58.8,41.2,12:46,11:15,2,6,1.5,28,42.9
313,Mark Jankowski,31,CAR,C,8,89,61,59.3,0.7,65,40,61.9,4.8,11.1,88.9,100.0,65.1,34.9,10:29,9:05,0,1,0.0,14,35.7
314,Mattias Janmark,33,EDM,C,1,4,7,36.4,-5.1,3,3,50.0,7.6,0.0,100.0,100.0,40.0,60.0,9:59,9:59,0,0,0.1,2,50.0
315,Calle JÃ¤rnkrok,34,TOR,C,11,59,108,35.3,-12.0,44,75,37.0,-11.6,14.7,79.2,93.9,33.3,66.7,11:09,8:54,0,5,-2.2,14,78.6
316,Seth Jarvis,23,CAR,C/RW,15,265,186,58.8,1.4,199,132,60.1,3.8,12.9,84.6,97.5,58.6,41.4,19:21,14:18,10,16,1.5,82,63.4
317,Tanner Jeannot,28,BOS,F,17,202,216,48.3,-0.1,149,153,49.3,0.2,8.2,90.1,98.3,40.2,59.8,13:23,11:20,0,13,-0.3,42,47.6
318,Boone Jenner,32,CBJ,C,15,261,232,52.9,0.8,163,171,48.8,-3.5,9.6,84.9,94.4,55.0,45.0,16:41,14:03,2,9,-3.8,63,47.6
319,Nick Jensen,35,OTT,D,16,231,262,46.9,-5.4,169,186,47.6,-6.1,10.2,87.1,97.3,51.1,48.9,18:23,16:59,4,17,-2.5,36,33.3
320,David JiÅÃ­Äek,22,MIN,D,11,145,157,48.0,-1.2,102,119,46.2,-3.1,7.9,90.0,97.9,42.3,57.7,12:20,12:05,2,11,-2.6,21,33.3
Rk,Player,Age,Tm,Pos,GP,CF,CA,CF%,CF% rel,FF,FA,FF%,FF% rel,oiSH%,oiSV%,PDO,oZS%,dZS%,TOI/60,TOI(EV),TK,GV,E+/-,SAtt.,Thru%
321,Albert Johansson,25,DET,D,16,228,218,51.1,-1.9,161,161,50.0,-3.9,9.8,88.1,97.9,47.9,52.1,15:38,14:00,4,16,-0.9,50,34.0
322,Marcus Johansson,35,MIN,C/W,17,246,229,51.8,4.4,177,161,52.4,5.4,11.3,90.5,101.8,49.6,50.4,15:54,13:52,6,17,1.4,52,53.8
323,Kent Johnson,23,CBJ,C,15,209,157,57.1,6.1,135,118,53.4,2.6,6.5,83.1,89.7,56.1,43.9,14:45,11:55,4,12,-2.1,54,55.6
324,Ryan Johnson,24,BUF,D,3,22,32,40.7,-9.7,17,22,43.6,-5.5,10.0,92.9,102.9,25.0,75.0,9:00,8:44,2,2,-0.1,4,0.0
325,Ross Johnston,31,ANA,LW,14,100,113,46.9,-4.7,64,83,43.5,-6.9,21.6,91.2,112.8,37.1,62.9,9:13,9:09,0,8,-2.6,16,31.3
326,Wyatt Johnston,22,DAL,C,16,236,307,43.5,-0.3,192,209,47.9,4.3,8.0,90.3,98.3,42.8,57.2,21:33,16:30,4,13,4.4,91,54.9
327,Henri Jokiharju,26,BOS,D,17,250,271,48.0,-0.6,181,184,49.6,0.5,10.6,88.5,99.1,37.2,62.8,17:45,15:24,1,19,-0.6,47,31.9
328,Ben Jones,26,MIN,F,6,32,72,30.8,-21.3,21,50,29.6,-22.3,0.0,88.2,88.2,16.7,83.3,8:08,8:02,1,1,-2.7,11,45.5
329,Caleb Jones,28,PIT,D,7,92,130,41.4,-4.1,63,83,43.2,-3.7,9.8,93.9,103.6,32.8,67.2,17:10,15:30,1,4,-0.3,17,29.4
330,Seth Jones,31,FLA,D,16,310,247,55.7,4.1,214,174,55.2,3.6,6.8,89.6,96.4,50.8,49.2,23:31,17:43,4,23,5.9,78,26.9
331,Mathieu Joseph,28,STL,RW,15,155,150,50.8,0.9,115,101,53.2,3.7,9.6,89.4,99.0,45.5,54.5,12:41,11:42,6,9,2.1,32,56.3
332,Pierre-Olivier Joseph,26,VAN,D,8,96,86,52.7,4.6,74,60,55.2,7.1,6.7,87.5,94.2,48.6,51.4,12:50,12:17,2,2,0.9,19,47.4
333,Dakota Joshua,29,TOR,C,16,144,174,45.3,-2.0,98,129,43.2,-6.2,10.0,85.4,95.4,30.9,69.1,12:21,11:11,5,6,-1.2,29,55.2
334,Roman Josi,35,NSH,D,8,169,126,57.3,8.0,113,96,54.1,7.4,6.3,85.2,91.6,60.5,39.5,24:05,18:06,3,12,3.0,42,45.2
335,Tyson Jost,27,NSH,C,15,142,146,49.3,-4.8,96,109,46.8,-3.3,4.9,85.1,90.1,26.3,73.8,12:38,10:47,8,4,-2.1,29,58.6
336,Noah Juulsen,28,PHI,D,15,118,140,45.7,-4.1,83,104,44.4,-6.0,8.9,91.9,100.9,71.1,28.9,13:15,11:16,2,11,-0.3,23,43.5
337,Nazem Kadri,35,CGY,C,17,290,244,54.3,1.5,191,182,51.2,-2.0,7.0,87.7,94.7,72.6,27.4,20:12,15:59,6,20,-0.5,105,48.6
338,Wyatt Kaiser,23,CHI,D,16,248,281,46.9,1.1,187,224,45.5,-0.6,12.7,93.7,106.4,44.7,55.3,19:43,17:28,9,20,-0.8,37,32.4
339,Kaapo Kakko,24,SEA,RW,5,63,56,52.9,2.8,40,41,49.4,0.3,3.7,93.1,96.8,56.1,43.9,14:01,12:23,1,6,-1.2,14,35.7
340,Arthur Kaliyev,24,OTT,RW,2,29,24,54.7,2.2,20,18,52.6,2.2,0.0,100.0,100.0,50.0,50.0,10:37,9:27,0,2,-0.6,8,50.0
Rk,Player,Age,Tm,Pos,GP,CF,CA,CF%,CF% rel,FF,FA,FF%,FF% rel,oiSH%,oiSV%,PDO,oZS%,dZS%,TOI/60,TOI(EV),TK,GV,E+/-,SAtt.,Thru%
341,Evander Kane,34,VAN,LW,17,282,287,49.6,4.5,206,212,49.3,2.7,8.6,91.7,100.3,50.6,49.4,17:39,15:35,4,18,-3.6,98,50.0
342,Patrick Kane,37,DET,RW,7,99,84,54.1,2.9,77,66,53.8,1.5,3.5,87.2,90.7,50.0,50.0,17:21,12:53,0,7,-0.1,30,66.7
343,Kasperi Kapanen,29,EDM,RW,6,56,71,44.1,-6.0,40,38,51.3,1.0,6.9,83.3,90.2,44.4,55.6,12:17,12:12,1,4,-0.9,10,40.0
344,Oliver Kapanen,22,MTL,C,15,128,169,43.1,-6.0,93,127,42.3,-8.7,20.0,90.0,110.0,52.9,47.1,12:45,10:47,3,5,-0.1,34,58.8
345,Kirill Kaprizov,28,MIN,LW,17,290,281,50.8,3.3,209,215,49.3,1.3,13.7,86.0,99.7,55.5,44.5,22:11,17:29,1,24,-3.7,108,49.1
346,Erik Karlsson,35,PIT,D,17,309,301,50.7,4.4,204,215,48.7,1.1,12.0,92.9,104.8,54.6,45.4,23:37,18:53,11,29,-1.6,99,35.4
347,Linus Karlsson,26,VAN,C,14,121,102,54.3,9.0,86,73,54.1,7.3,12.0,90.4,102.4,61.9,38.1,9:55,8:29,1,8,-0.2,41,41.5
348,William Karlsson,33,VEG,C,14,181,171,51.4,1.5,126,112,52.9,2.9,5.6,91.8,97.3,44.4,55.6,15:09,12:49,3,11,2.1,48,62.5
349,Tye Kartye,24,SEA,F,15,118,142,45.4,-1.8,81,89,47.6,1.5,7.4,89.8,97.2,26.0,74.0,11:18,9:23,4,10,-2.9,32,37.5
350,Marco Kasper,21,DET,C,16,230,196,54.0,2.0,172,138,55.5,3.7,6.7,87.3,94.0,47.3,52.7,15:32,13:21,4,15,-0.2,52,50.0
351,Mark Kastelic,26,BOS,C,17,189,183,50.8,3.1,135,121,52.7,4.5,10.1,92.5,102.6,30.6,69.4,12:59,10:38,6,9,0.4,49,44.9
352,Clayton Keller,27,UTA,C,16,230,189,54.9,3.6,180,133,57.5,4.9,13.3,82.6,95.8,60.9,39.1,19:18,15:29,3,25,3.2,71,64.8
353,Parker Kelly,26,COL,F,16,137,149,47.9,-9.1,89,94,48.6,-7.9,13.8,91.8,105.7,49.4,50.6,11:40,8:50,1,8,1.0,37,59.5
354,Joakim Kemell,21,NSH,RW,2,15,18,45.5,5.1,11,15,42.3,3.4,0.0,100.0,100.0,33.3,66.7,11:04,8:31,0,0,-0.2,5,20.0
355,Adrian Kempe,29,LAK,LW,16,226,235,49.0,-5.4,155,158,49.5,-3.9,12.6,90.3,102.9,42.7,57.3,19:34,15:08,6,15,-1.5,109,45.9
356,Matthew Kessel,25,STL,D,7,63,54,53.8,8.5,44,39,53.0,6.2,7.1,100.0,107.1,64.1,35.9,10:29,10:29,1,1,0.0,8,50.0
357,Michael Kesselring,26,BUF,D,6,71,103,40.8,-6.6,54,64,45.8,-0.9,9.7,88.6,98.3,44.4,55.6,17:01,15:31,1,11,-1.0,21,38.1
358,Marat Khusnutdinov,23,BOS,C,12,125,132,48.6,-1.0,89,100,47.1,-3.7,12.3,87.3,99.6,57.7,42.3,12:57,11:36,5,5,0.6,19,68.4
359,Alex Killorn,36,ANA,C/LW,15,203,190,51.7,0.8,144,137,51.2,2.2,9.8,87.5,97.3,52.1,47.9,16:36,12:30,5,12,-1.1,47,55.3
360,Benjamin Kindel,18,PIT,C,15,204,194,51.3,3.1,145,134,52.0,3.4,5.0,90.4,95.3,55.0,45.0,15:08,13:15,2,15,1.4,55,56.4
Rk,Player,Age,Tm,Pos,GP,CF,CA,CF%,CF% rel,FF,FA,FF%,FF% rel,oiSH%,oiSV%,PDO,oZS%,dZS%,TOI/60,TOI(EV),TK,GV,E+/-,SAtt.,Thru%
361,Justin Kirkland,29,CGY,LW,9,75,58,56.4,1.8,47,35,57.3,5.8,3.6,91.7,95.2,39.4,60.6,9:34,7:37,1,3,-0.3,14,35.7
362,Joel Kiviranta,29,COL,F,5,39,43,47.6,-6.9,20,23,46.5,-6.9,6.7,100.0,106.7,54.5,45.5,10:47,9:14,0,4,0.7,5,60.0
363,Adam Klapka,25,CGY,F,16,152,139,52.2,-1.6,99,86,53.5,0.9,6.9,94.2,101.1,43.2,56.8,9:59,9:23,3,2,-0.5,39,41.0
364,Tyler Kleven,24,OTT,D,14,173,211,45.1,-6.9,120,134,47.2,-5.3,3.9,90.5,94.4,48.0,52.0,15:41,15:19,3,18,-0.2,31,41.9
365,John Klingberg,33,SJS,D,10,130,190,40.6,-1.6,82,140,36.9,-3.2,14.5,90.0,104.5,52.9,47.1,20:50,16:54,1,11,-0.6,33,39.4
366,Matthew Knies,23,TOR,LW,16,243,257,48.6,2.5,181,169,51.7,5.2,17.3,86.4,103.8,54.4,45.6,20:16,15:26,4,13,-0.2,50,66.0
367,Cole Koepke,27,WPG,LW,14,71,130,35.3,-10.1,56,87,39.2,-6.7,5.3,89.8,95.1,18.5,81.5,10:16,8:04,6,5,-3.1,24,54.2
368,Ville Koivunen,22,PIT,RW,10,132,101,56.7,6.7,94,72,56.6,7.1,5.0,91.3,96.3,62.1,37.9,12:27,11:54,1,5,1.7,28,46.4
369,Keegan Kolesar,28,VEG,RW,15,123,173,41.6,-11.2,84,119,41.4,-12.0,5.5,86.1,91.6,31.4,68.6,10:43,10:22,1,6,-1.0,17,64.7
370,Travis Konecny,28,PHI,RW,15,199,212,48.4,-0.9,145,149,49.3,0.3,15.2,89.8,104.9,53.3,46.7,19:09,15:14,7,25,0.7,65,56.9
371,AnÅ¾e Kopitar,38,LAK,C,12,158,169,48.3,-7.5,112,108,50.9,-2.6,13.2,93.2,106.4,41.1,58.9,18:44,13:41,4,17,-1.2,42,42.9
372,Joona Koppanen,27,PIT,LW,3,31,28,52.5,-0.5,19,21,47.5,-6.1,0.0,92.3,92.3,43.8,56.3,11:14,9:31,1,0,-0.7,2,50.0
373,Kaedan Korczak,25,VEG,D,15,239,221,52.0,1.9,167,146,53.4,3.2,10.3,91.0,101.3,51.3,48.7,16:40,16:10,1,15,5.3,37,45.9
374,Jesperi Kotkaniemi,25,CAR,C,13,144,124,53.7,-3.8,102,86,54.3,-2.3,14.3,91.9,106.2,61.2,38.8,10:39,9:60,2,9,0.2,26,57.7
375,Tyson Kozak,23,BUF,C,9,69,90,43.4,-6.8,45,61,42.5,-6.7,5.9,97.4,103.3,31.7,68.3,10:23,8:55,2,2,0.6,12,66.7
376,Peyton Krebs,25,BUF,C,15,176,214,45.1,-3.6,121,154,44.0,-4.8,6.4,88.7,95.1,41.3,58.7,13:46,13:32,5,7,-2.6,26,57.7
377,Chris Kreider,34,ANA,LW,11,173,119,59.2,8.0,120,88,57.7,8.1,12.1,91.2,103.3,56.7,43.3,16:28,12:18,2,12,0.4,50,56.0
378,Nikita Kucherov,32,TBL,RW,13,241,212,53.2,3.2,174,156,52.7,1.5,14.0,87.2,101.2,58.3,41.7,20:56,16:24,5,21,0.8,110,35.5
379,Brett Kulak,32,EDM,D,17,226,246,47.9,-2.8,153,171,47.2,-4.3,8.9,86.6,95.5,50.4,49.6,18:22,16:46,3,12,-1.1,45,44.4
380,Jiri Kulich,21,BUF,C,12,196,190,50.8,3.3,129,132,49.4,1.6,8.1,87.9,96.1,54.5,45.5,16:22,14:42,1,10,-1.4,43,46.5
Rk,Player,Age,Tm,Pos,GP,CF,CA,CF%,CF% rel,FF,FA,FF%,FF% rel,oiSH%,oiSV%,PDO,oZS%,dZS%,TOI/60,TOI(EV),TK,GV,E+/-,SAtt.,Thru%
381,Dmitry Kulikov,35,FLA,D,2,17,16,51.5,-6.5,14,14,50.0,-8.6,0.0,90.0,90.0,61.5,38.5,10:47,9:48,0,2,0.6,1,100.0
382,Luke Kunin,28,FLA,C,11,67,95,41.4,-12.5,46,62,42.6,-10.5,10.3,92.5,102.8,37.0,63.0,10:15,7:47,1,8,-1.1,11,45.5
383,Sean Kuraly,33,BOS,C,17,200,179,52.8,5.6,145,117,55.3,7.8,10.4,90.3,100.7,33.6,66.4,14:13,11:03,5,17,0.3,50,48.0
384,Philipp Kurashev,26,SJS,C,14,170,216,44.0,2.0,104,164,38.8,-1.5,20.0,91.3,111.3,39.8,60.2,17:45,14:58,4,13,-2.2,51,58.8
385,Andrei Kuzmenko,29,LAK,F,16,191,200,48.8,-5.3,126,134,48.5,-5.0,10.5,90.1,100.6,51.0,49.0,15:26,12:19,3,21,0.5,52,48.1
386,Yan Kuznetsov,23,CGY,D,3,46,38,54.8,3.7,36,26,58.1,6.6,8.0,100.0,108.0,53.8,46.2,16:08,15:17,0,3,0.6,9,77.8
387,Jordan Kyrou,27,STL,C,15,227,179,55.9,8.2,154,125,55.2,6.6,8.5,83.5,92.0,65.2,34.8,17:17,14:48,7,4,5.0,76,47.4
388,Noah Laba,22,NYR,C,17,157,179,46.7,-6.4,112,120,48.3,-4.2,11.1,94.5,105.6,57.4,42.6,12:17,10:49,3,6,2.5,31,51.6
389,Joseph LaBate,32,VAN,C,1,9,13,40.9,-14.8,6,7,46.2,-8.9,0.0,66.7,66.7,33.3,66.7,9:32,9:32,0,0,0.1,3,66.7
390,Jackson LaCombe,25,ANA,D,15,289,243,54.3,5.0,196,181,52.0,3.6,14.8,87.3,102.0,52.4,47.6,25:20,17:57,6,22,-4.3,83,37.3
391,Alex Laferriere,24,LAK,RW,16,202,188,51.8,-1.3,146,132,52.5,0.4,7.1,89.9,97.0,53.8,46.2,16:00,12:46,3,16,0.5,66,48.5
392,Sam Lafferty,30,CHI,C/LW,4,35,28,55.6,14.5,19,20,48.7,6.2,7.1,92.3,99.5,68.2,31.8,8:42,8:42,0,1,-0.8,1,0.0
393,Alexis LafreniÃ¨re,24,NYR,LW,17,262,213,55.2,4.7,191,144,57.0,7.5,10.2,80.8,91.0,56.8,43.2,17:37,14:20,5,7,5.3,69,53.6
394,Patrik Laine,27,MTL,RW,5,33,56,37.1,-15.8,16,35,31.4,-23.1,12.5,83.3,95.8,25.0,75.0,12:36,10:10,0,2,-0.7,20,30.0
395,Brad Lambert,22,WPG,C,4,25,44,36.2,-11.3,19,33,36.5,-12.3,7.7,92.0,99.7,43.8,56.3,9:02,8:53,0,3,-0.6,6,50.0
396,Juho Lammikko,30,NJD,RW,6,45,55,45.0,-4.1,33,34,49.3,1.0,4.2,96.0,100.2,58.6,41.4,10:21,10:09,1,2,-1.1,8,87.5
397,Gabriel Landeskog,33,COL,LW,16,242,160,60.2,6.3,171,123,58.2,3.8,8.1,90.0,98.1,48.8,51.2,13:45,12:04,5,9,2.0,47,46.8
398,Hendrix Lapierre,23,WSH,C,14,184,124,59.7,3.2,127,88,59.1,4.0,3.8,94.2,98.0,60.7,39.3,10:44,10:28,2,12,4.6,28,46.4
399,Dylan Larkin,29,DET,C,16,254,217,53.9,2.0,185,158,53.9,1.7,14.2,90.3,104.5,45.3,54.7,20:24,14:59,2,18,1.0,96,53.1
400,Adam Larsson,33,SEA,D,15,227,296,43.4,-5.3,156,206,43.1,-5.1,8.7,88.0,96.7,45.0,55.0,22:03,19:36,2,6,-3.7,28,50.0
Rk,Player,Age,Tm,Pos,GP,CF,CA,CF%,CF% rel,FF,FA,FF%,FF% rel,oiSH%,oiSV%,PDO,oZS%,dZS%,TOI/60,TOI(EV),TK,GV,E+/-,SAtt.,Thru%
401,Scott Laughton,31,TOR,C,2,12,18,40.0,-8.4,10,13,43.5,-3.8,0.0,81.8,81.8,20.0,80.0,8:35,7:32,0,2,-0.3,2,50.0
402,Jeremy Lauzon,28,VEG,D,15,220,203,52.0,1.9,151,137,52.4,1.8,10.3,87.8,98.1,45.3,54.7,16:25,15:04,2,10,3.5,44,27.3
403,Curtis Lazar,30,EDM,C/RW,5,35,34,50.7,-1.0,26,23,53.1,3.2,6.7,93.3,100.0,45.0,55.0,9:38,9:23,0,0,-0.2,9,22.2
404,Nick Leddy,34,SJS,D,7,68,111,38.0,-6.5,49,89,35.5,-7.0,11.4,85.0,96.4,48.3,51.7,17:12,15:12,4,4,-2.3,4,25.0
405,Anders Lee,35,NYI,LW,16,243,228,51.6,3.4,180,152,54.2,5.3,12.8,85.1,98.0,52.1,47.9,15:05,13:33,3,9,1.7,72,59.7
406,Charles-Alexis Legault,22,CAR,D,8,111,81,57.8,0.8,76,58,56.7,1.6,10.9,97.6,108.5,55.0,45.0,13:16,12:51,4,8,0.4,24,41.7
407,Artturi Lehkonen,30,COL,LW,16,283,242,53.9,-2.2,195,169,53.6,-2.5,17.7,92.0,109.7,59.1,40.9,19:17,15:06,2,13,5.0,73,58.9
408,Jonathan LekkerimÃ¤ki,21,VAN,RW,4,21,47,30.9,-11.8,15,31,32.6,-10.9,12.5,95.0,107.5,64.3,35.7,9:54,9:05,0,3,-1.5,7,42.9
409,Ryan Leonard,21,WSH,RW,15,166,164,50.3,-7.6,111,120,48.1,-8.5,11.0,94.1,105.1,47.9,52.1,13:06,11:36,4,21,1.8,68,33.8
410,Kris Letang,38,PIT,D,17,315,366,46.3,-2.5,227,261,46.5,-2.4,13.2,91.8,105.0,59.5,40.5,21:38,18:43,3,22,-1.7,64,40.6
411,Artyom Levshunov,20,CHI,D,15,176,189,48.2,3.0,127,152,45.5,0.0,13.2,92.1,105.3,67.6,32.4,15:34,13:38,5,21,-0.7,25,48.0
412,Timothy Liljegren,26,SJS,D,13,169,261,39.3,-3.1,98,182,35.0,-5.9,18.8,87.5,106.3,35.3,64.7,20:32,17:12,1,15,-2.0,33,27.3
413,Esa Lindell,31,DAL,D,16,228,263,46.4,4.2,174,184,48.6,5.2,12.3,92.3,104.6,48.0,52.0,22:47,17:51,7,22,1.0,34,44.1
414,Ryan Lindgren,27,SEA,D,15,242,250,49.2,3.5,157,176,47.1,1.1,6.7,92.0,98.6,45.2,54.8,18:43,16:40,2,18,-4.0,34,26.5
415,Elias Lindholm,31,BOS,C,13,167,205,44.9,-3.9,109,138,44.1,-5.6,12.9,85.0,97.9,52.5,47.5,17:42,13:29,3,12,-1.2,48,45.8
416,Hampus Lindholm,32,BOS,D,9,127,151,45.7,-0.8,95,103,48.0,1.3,12.5,89.7,102.2,43.5,56.5,19:45,16:01,2,9,-0.5,34,35.3
417,Blake Lizotte,28,PIT,C,17,196,186,51.3,4.5,140,129,52.0,5.2,8.1,92.0,100.0,11.8,88.2,14:09,11:32,1,14,1.9,36,55.6
418,Mason Lohrei,25,BOS,D,12,194,231,45.6,-4.1,131,157,45.5,-6.3,14.8,88.0,102.8,54.5,45.5,17:50,16:05,4,12,-1.0,40,25.0
419,Ryan Lomberg,31,CGY,LW,17,138,134,50.7,-3.1,94,84,52.8,0.3,7.4,94.1,101.5,35.8,64.2,8:46,8:37,0,5,-1.2,24,50.0
420,Steven Lorentz,29,TOR,C/LW,10,78,94,45.3,-3.7,62,65,48.8,0.3,11.6,78.3,89.9,34.4,65.6,10:07,8:56,1,6,0.0,14,57.1
Rk,Player,Age,Tm,Pos,GP,CF,CA,CF%,CF% rel,FF,FA,FF%,FF% rel,oiSH%,oiSV%,PDO,oZS%,dZS%,TOI/60,TOI(EV),TK,GV,E+/-,SAtt.,Thru%
421,Adam Lowry,32,WPG,LW,3,25,34,42.4,-7.2,15,26,36.6,-16.9,10.0,91.7,101.7,28.6,71.4,14:20,11:06,0,3,0.4,5,60.0
422,Jett Luchanko,19,PHI,F,4,22,24,47.8,-0.1,17,16,51.5,4.3,0.0,72.7,72.7,75.0,25.0,8:58,8:52,0,1,-0.2,2,50.0
423,Anton Lundell,24,FLA,C,16,239,200,54.4,1.9,175,146,54.5,2.4,11.3,85.6,96.9,54.4,45.6,19:02,14:01,1,20,2.2,63,49.2
424,Isac LundestrÃ¶m,26,CBJ,C,14,126,149,45.8,-8.0,88,103,46.1,-6.4,10.3,93.2,103.6,28.9,71.1,11:44,10:44,2,11,-2.6,16,50.0
425,Nils Lundkvist,25,DAL,D,4,47,64,42.3,-2.4,35,37,48.6,1.0,21.7,81.5,103.2,51.6,48.4,15:60,15:33,0,6,0.3,7,28.6
426,Eetu Luostarinen,27,FLA,C,16,215,180,54.4,1.8,159,128,55.4,3.5,11.7,87.0,98.7,51.7,48.3,16:41,13:12,1,9,2.6,50,52.0
427,Olle Lycksell,26,OTT,RW,6,50,68,42.4,-13.6,30,45,40.0,-17.3,8.7,87.5,96.2,72.2,27.8,10:19,10:18,0,1,-1.2,9,66.7
428,Ilya Lyubushkin,31,DAL,D,14,140,226,38.3,-7.0,106,146,42.1,-4.2,10.0,92.9,102.9,37.2,62.8,16:30,15:05,2,19,-1.1,17,52.9
429,Olli MÃ¤Ã¤ttÃ¤,31,UTA,D,15,144,145,49.8,-3.0,111,101,52.4,-2.1,9.7,86.9,96.6,56.6,43.4,11:47,11:42,1,13,1.6,16,43.8
430,Matias Maccelli,25,TOR,LW,15,160,171,48.3,0.8,121,116,51.1,3.2,16.7,89.4,106.1,55.2,44.8,13:27,12:07,4,11,-0.8,29,48.3
431,Kurtis MacDermid,31,OTT,LW/D,7,19,52,26.8,-24.4,15,30,33.3,-20.0,0.0,84.2,84.2,63.2,36.8,4:26,4:26,0,1,-1.1,2,100.0
432,Mackenzie MacEachern,31,VAN,LW,3,28,41,40.6,-6.4,22,28,44.0,-2.7,15.4,91.7,107.1,22.2,77.8,11:21,11:21,0,0,-0.3,5,80.0
433,Zack MacEwen,29,NJD,C,2,22,7,75.9,20.5,16,4,80.0,22.2,0.0,100.0,100.0,81.8,18.2,8:24,8:24,1,1,0.8,7,57.1
434,Nathan MacKinnon,30,COL,C,16,323,246,56.8,2.1,220,173,56.0,1.0,17.1,89.7,106.8,60.2,39.8,21:31,16:23,3,28,7.6,126,57.1
435,Kyle MacLean,26,NYI,F,10,68,111,38.0,-13.8,50,72,41.0,-12.4,2.8,88.7,91.5,43.5,56.5,9:35,9:27,1,2,-2.8,12,58.3
436,Josh Mahura,27,SEA,D,13,132,189,41.1,-5.8,93,139,40.1,-7.1,17.5,95.6,113.1,39.3,60.7,15:10,13:55,2,7,-2.2,24,37.5
437,Logan Mailloux,22,STL,D,9,95,98,49.2,-2.7,65,69,48.5,-3.4,2.9,69.8,72.7,45.8,54.2,12:33,12:24,1,7,-2.3,18,27.8
438,Cale Makar,27,COL,D,16,318,294,52.0,-5.5,220,197,52.8,-4.0,16.8,88.9,105.7,61.1,38.9,25:36,18:12,9,14,5.7,108,38.9
439,Taylor Makar,24,COL,LW,1,11,7,61.1,-3.2,7,3,70.0,1.3,0.0,100.0,100.0,66.7,33.3,6:07,6:07,0,0,0.1,1,0.0
440,Beck Malenstyn,27,BUF,LW,14,101,138,42.3,-6.1,74,89,45.4,-2.4,2.1,89.8,91.9,28.9,71.1,11:12,8:53,1,8,-1.7,28,60.7
Rk,Player,Age,Tm,Pos,GP,CF,CA,CF%,CF% rel,FF,FA,FF%,FF% rel,oiSH%,oiSV%,PDO,oZS%,dZS%,TOI/60,TOI(EV),TK,GV,E+/-,SAtt.,Thru%
441,Sam Malinski,27,COL,D,16,290,186,60.9,7.8,207,122,62.9,10.7,10.1,93.2,103.3,53.9,46.1,15:05,14:17,7,19,6.4,67,41.8
442,Evgeni Malkin,39,PIT,C,17,215,259,45.4,-3.3,158,187,45.8,-3.0,16.1,90.1,106.2,70.0,30.0,17:46,14:44,6,17,-2.9,69,62.3
443,Jeff Malott,29,LAK,F,13,119,69,63.3,13.6,83,51,61.9,12.8,9.4,82.9,92.3,63.8,36.2,7:46,7:46,1,7,1.6,23,34.8
444,Victor Mancini,23,VAN,D,5,40,60,40.0,-3.3,28,43,39.4,-4.0,0.0,93.5,93.5,66.7,33.3,10:32,10:08,0,2,-2.6,7,42.9
445,Andrew Mangiapane,29,EDM,LW,17,220,223,49.7,-0.3,140,163,46.2,-5.6,9.0,81.3,90.3,61.2,38.8,15:40,14:27,2,12,-1.6,39,43.6
446,Josh Manson,34,COL,D,16,293,241,54.9,-0.8,208,172,54.7,-0.8,10.4,90.3,100.7,45.2,54.8,18:22,16:08,8,17,2.4,42,50.0
447,Anthony Mantha,31,PIT,RW,17,210,257,45.0,-3.8,157,178,46.9,-1.5,16.8,91.5,108.3,71.0,29.0,14:45,13:39,3,19,-1.0,57,52.6
448,Brad Marchand,37,FLA,LW,15,253,189,57.2,6.7,177,147,54.6,4.0,12.2,84.3,96.5,57.4,42.6,18:17,13:50,2,16,0.8,88,51.1
449,Kirill Marchenko,25,CBJ,RW,15,284,260,52.2,-0.3,214,199,51.8,0.7,11.2,94.8,106.0,63.4,36.6,18:24,15:19,4,19,2.3,105,49.5
450,Jonathan Marchessault,35,NSH,C,15,213,212,50.1,0.3,134,163,45.1,-1.7,9.6,83.0,92.6,56.2,43.8,17:56,14:26,3,24,-1.1,79,48.1
451,Mason Marchment,30,SEA,F,14,162,174,48.2,1.1,112,134,45.5,-1.9,5.8,91.6,97.4,46.3,53.7,16:09,14:24,5,26,0.4,39,53.8
452,John Marino,28,UTA,D,16,294,236,55.5,4.9,217,175,55.4,2.0,13.9,85.7,99.6,56.0,44.0,20:30,18:25,3,27,0.2,42,40.5
453,Mitch Marner,28,VEG,RW,15,267,223,54.5,5.7,191,147,56.5,7.8,13.8,91.5,105.3,58.6,41.4,21:10,15:35,8,23,3.4,64,42.2
454,Brady Martin,18,NSH,C,3,19,28,40.4,-10.0,15,20,42.9,-7.1,33.3,88.9,122.2,61.9,38.1,11:25,9:54,0,4,-0.8,3,66.7
455,Jordan Martinook,33,CAR,LW,15,209,172,54.9,-3.9,141,128,52.4,-6.7,13.8,91.3,105.1,41.6,58.4,15:10,12:28,4,12,-2.5,39,53.8
456,Emil Martinsen Lilleberg,24,TBL,D,15,163,186,46.7,-6.1,124,136,47.7,-5.1,9.6,90.4,100.1,52.0,48.0,14:33,14:03,2,8,-2.1,20,45.0
457,Denton Mateychuk,21,CBJ,D,14,257,236,52.1,1.1,196,172,53.3,4.3,10.0,92.8,102.8,48.6,51.4,18:40,17:13,4,10,2.3,31,51.6
458,Mike Matheson,31,MTL,D,15,284,311,47.7,-0.1,212,212,50.0,1.7,16.4,90.0,106.4,34.8,65.2,25:03,20:36,3,13,3.5,48,37.5
459,Nikolas Matinpalo,27,OTT,D,9,101,116,46.5,-3.7,67,72,48.2,-2.7,7.5,90.9,98.4,48.1,51.9,14:10,13:49,2,4,0.3,23,30.4
460,Auston Matthews,28,TOR,C,16,253,274,48.0,1.7,191,183,51.1,4.4,16.3,91.1,107.4,54.5,45.5,21:54,16:45,7,22,-0.8,118,55.1
Rk,Player,Age,Tm,Pos,GP,CF,CA,CF%,CF% rel,FF,FA,FF%,FF% rel,oiSH%,oiSV%,PDO,oZS%,dZS%,TOI/60,TOI(EV),TK,GV,E+/-,SAtt.,Thru%
461,Scott Mayfield,33,NYI,D,16,222,259,46.2,-4.5,154,174,47.0,-5.2,13.3,88.1,101.5,48.4,51.6,18:48,16:43,4,18,-1.4,39,38.5
462,Dysin Mayo,29,CBJ,D,1,13,4,76.5,12.8,10,4,71.4,9.1,0.0,75.0,75.0,75.0,25.0,7:33,7:33,0,0,-0.1,5,60.0
463,Charlie McAvoy,28,BOS,D,16,293,319,47.9,-0.3,207,219,48.6,-0.3,13.7,86.0,99.8,52.1,47.9,24:10,17:53,9,17,-1.5,64,32.8
464,Jack McBain,26,UTA,C,16,191,163,54.0,2.1,140,107,56.7,3.4,9.8,82.5,92.3,57.4,42.6,13:30,11:04,3,9,2.1,43,60.5
465,Jake McCabe,32,TOR,D,16,238,275,46.4,-0.7,169,180,48.4,0.4,16.1,91.6,107.7,36.1,63.9,21:19,18:20,4,21,0.7,31,41.9
466,Jared McCann,29,SEA,C,5,80,71,53.0,9.4,65,45,59.1,16.1,10.0,81.8,91.8,74.0,26.0,17:17,13:45,0,1,1.4,29,48.3
467,Michael McCarron,30,NSH,RW,18,181,199,47.6,-4.9,125,147,46.0,-2.7,9.0,89.1,98.1,18.9,81.1,14:33,11:31,5,10,-1.9,36,50.0
468,Connor McDavid,29,EDM,C,17,329,261,55.8,9.2,233,191,55.0,7.4,9.6,85.6,95.2,65.1,34.9,23:23,18:33,7,24,3.3,97,55.7
469,Ryan McDonagh,36,TBL,D,15,230,246,48.3,-4.5,169,167,50.3,-1.8,13.7,88.9,102.6,41.4,58.6,20:10,16:38,6,18,-0.1,41,36.6
470,Dylan McIlrath,33,WSH,D,1,10,12,45.5,-7.2,2,10,16.7,-30.3,,100.0,,37.5,62.5,14:05,13:35,0,1,-0.4,3,0.0
471,Ryan McLeod,26,BUF,C,15,218,232,48.4,0.9,169,174,49.3,2.4,12.6,84.6,97.2,50.0,50.0,18:09,13:42,3,16,0.1,31,61.3
472,Bobby McMann,29,TOR,F,16,210,220,48.8,2.7,152,166,47.8,-0.5,7.8,94.1,101.8,48.4,51.6,14:55,13:51,1,5,-0.4,46,50.0
473,Connor McMichael,25,WSH,C,15,223,171,56.6,0.5,149,124,54.6,-0.1,7.8,89.7,97.5,55.0,45.0,15:32,12:34,6,11,2.8,52,55.8
474,Brayden McNabb,35,VEG,D,15,267,290,47.9,-4.2,183,187,49.5,-2.5,7.9,92.9,100.8,50.0,50.0,21:15,18:40,3,7,2.5,43,20.9
475,Mason McTavish,23,ANA,C,15,265,248,51.7,0.9,183,191,48.9,-1.0,11.7,91.9,103.6,54.7,45.3,17:46,15:29,5,10,-4.5,73,34.2
476,Timo Meier,29,NJD,RW,16,276,261,51.4,1.9,190,171,52.6,2.1,14.3,88.1,102.4,47.3,52.7,17:53,15:33,5,14,-0.5,109,47.7
477,Dawson Mercer,24,NJD,C,16,218,251,46.5,-5.1,151,164,47.9,-4.6,14.9,91.0,105.9,49.7,50.3,18:21,14:08,1,14,-1.5,56,50.0
478,Dakota Mermis,32,TOR,D,2,21,28,42.9,-10.7,15,25,37.5,-14.6,0.0,83.3,83.3,40.0,60.0,13:35,13:03,0,0,-1.0,2,50.0
479,Zach Metsa,27,BUF,D,4,34,47,42.0,-7.9,23,31,42.6,-6.8,35.7,90.5,126.2,78.9,21.1,8:49,8:49,0,1,-0.3,4,25.0
480,Ben Meyers,27,SEA,F,7,55,62,47.0,-0.2,41,39,51.3,7.0,11.1,87.5,98.6,15.6,84.4,8:56,8:23,1,1,-0.9,7,42.9
Rk,Player,Age,Tm,Pos,GP,CF,CA,CF%,CF% rel,FF,FA,FF%,FF% rel,oiSH%,oiSV%,PDO,oZS%,dZS%,TOI/60,TOI(EV),TK,GV,E+/-,SAtt.,Thru%
481,Matvei Michkov,21,PHI,RW,15,181,168,51.9,3.9,116,120,49.2,0.0,13.3,87.8,101.1,72.6,27.4,14:49,12:28,5,27,3.5,53,52.8
482,Jacob Middleton,30,MIN,D,16,262,269,49.3,-0.3,182,185,49.6,0.4,8.2,89.1,97.3,45.1,54.9,18:07,16:55,2,8,-1.3,34,41.2
483,Ilya Mikheyev,31,CHI,F,14,147,241,37.9,-10.3,117,187,38.5,-9.6,10.5,97.5,108.1,22.9,77.1,17:55,14:13,4,6,-2.9,39,59.0
484,Niko Mikkola,29,FLA,D,16,281,228,55.2,3.2,196,154,56.0,4.7,5.6,90.6,96.2,46.2,53.8,19:11,17:13,2,22,3.6,47,40.4
485,Sonny Milano,29,WSH,LW,8,91,59,60.7,3.0,61,42,59.2,2.9,2.3,95.7,97.9,63.4,36.6,10:55,9:05,0,4,2.7,15,93.3
486,Colin Miller,33,WPG,D,4,37,60,38.1,-6.5,27,42,39.1,-6.7,6.7,92.0,98.7,42.1,57.9,11:32,11:32,0,4,-2.0,5,20.0
487,J.T. Miller,32,NYR,C,17,297,256,53.7,2.8,206,184,52.8,1.8,9.4,88.8,98.2,58.5,41.5,20:42,15:36,4,16,1.8,85,50.6
488,K'Andre Miller,26,CAR,D,9,195,137,58.7,-2.5,147,97,60.2,-2.0,11.6,86.6,98.1,56.0,44.0,23:23,18:40,5,15,0.9,46,47.8
489,Fraser Minten,21,BOS,C,17,208,226,47.9,-0.6,154,157,49.5,0.4,9.4,89.2,98.6,43.6,56.4,13:41,11:35,7,7,-1.1,49,46.9
490,Pavel Mintyukov,22,ANA,D,15,197,232,45.9,-7.0,142,177,44.5,-7.1,10.7,91.6,102.3,47.9,52.1,15:25,13:58,2,15,-3.3,24,29.2
491,Daniil Miromanov,28,CGY,D/RW,1,10,24,29.4,-24.2,7,18,28.0,-30.1,50.0,80.0,130.0,14.3,85.7,17:49,17:13,0,1,-0.6,2,0.0
492,Michael Misa,18,SJS,F,7,52,76,40.6,-6.3,35,54,39.3,-5.3,16.7,88.4,105.0,44.8,55.2,11:44,9:40,0,5,-0.2,22,59.1
493,Casey Mittelstadt,27,BOS,C,15,178,185,49.0,1.0,131,128,50.6,1.5,13.9,88.2,102.2,46.1,53.9,14:32,12:53,2,14,-1.3,27,51.9
494,Sean Monahan,31,CBJ,C,15,258,240,51.8,-0.8,192,186,50.8,-0.8,10.7,93.7,104.3,57.2,42.8,18:16,14:14,3,12,-0.3,51,58.8
495,Brandon Montour,31,SEA,D,11,234,228,50.6,5.7,162,161,50.2,5.4,10.0,94.1,104.1,55.1,44.9,22:49,20:48,7,19,-1.1,67,46.3
496,Ian Moore,24,ANA,D,9,127,98,56.4,8.2,86,73,54.1,7.1,9.8,90.5,100.3,62.7,37.3,12:49,12:40,3,9,0.6,25,36.0
497,Oliver Moore,21,CHI,C,4,48,60,44.4,0.1,39,45,46.4,6.1,12.0,93.8,105.8,44.1,55.9,13:23,12:60,1,4,-0.6,14,71.4
498,Trevor Moore,30,LAK,LW,15,214,182,54.0,2.0,134,132,50.4,-2.3,4.3,92.9,97.1,46.7,53.3,16:06,13:44,6,18,0.7,52,55.8
499,Josh Morrissey,30,WPG,D,15,246,287,46.2,3.1,188,206,47.7,4.3,15.7,90.4,106.0,57.8,42.2,24:25,19:11,5,19,-0.4,59,49.2
500,J.J. Moser,25,TBL,D,13,284,205,58.1,8.9,208,155,57.3,7.2,8.5,91.8,100.3,63.1,36.9,20:44,18:31,4,14,1.8,46,39.1
Rk,Player,Age,Tm,Pos,GP,CF,CA,CF%,CF% rel,FF,FA,FF%,FF% rel,oiSH%,oiSV%,PDO,oZS%,dZS%,TOI/60,TOI(EV),TK,GV,E+/-,SAtt.,Thru%
501,Jacob Moverare,27,LAK,D,1,0,5,0.0,-57.8,0,4,0.0,-57.7,,100.0,,100.0,0.0,3:13,3:13,1,0,0.0,0,
502,Shakir Mukhamadullin,24,SJS,D,6,66,93,41.5,-2.9,46,70,39.7,-1.8,17.1,97.8,115.0,34.0,66.0,15:48,14:24,0,4,0.3,12,50.0
503,Connor Murphy,32,CHI,D,16,131,175,42.8,-4.2,103,123,45.6,-0.4,6.8,91.9,98.7,20.7,79.3,14:34,11:11,3,14,-1.1,31,54.8
504,Philippe Myers,29,TOR,D,8,105,114,47.9,3.3,83,86,49.1,3.2,9.8,84.6,94.4,29.3,70.7,15:23,13:55,0,6,-3.7,26,46.2
505,Tyler Myers,35,VAN,D,17,271,351,43.6,-4.7,194,251,43.6,-6.1,10.7,89.7,100.5,32.9,67.1,21:04,17:53,4,21,-3.2,56,42.9
506,Bradly Nadeau,20,CAR,LW,6,69,54,56.1,-0.9,43,35,55.1,-0.2,9.5,95.8,105.4,59.6,40.4,11:30,10:23,0,5,-0.7,15,26.7
507,Vladislav Namestnikov,33,WPG,C,15,150,168,47.2,3.8,105,111,48.6,4.5,8.2,94.3,102.5,51.2,48.8,15:41,11:40,3,13,-0.8,40,65.0
508,Frank Nazar,22,CHI,C,15,177,215,45.2,-2.8,133,158,45.7,-1.6,9.6,94.3,104.0,51.9,48.1,18:46,14:02,8,20,-3.1,60,51.7
509,Martin NeÄas,27,COL,C,16,309,256,54.7,-1.1,209,180,53.7,-2.4,16.4,89.6,106.0,57.9,42.1,21:04,16:20,3,36,5.8,78,46.2
510,Jake Neighbours,23,STL,LW,8,100,96,51.0,-0.9,72,79,47.7,-4.1,13.5,81.0,94.5,61.5,38.5,14:37,12:29,0,4,-0.4,23,52.2
511,Brock Nelson,34,COL,C,16,250,197,55.9,0.7,175,149,54.0,-1.8,11.8,91.7,103.4,49.0,51.0,18:41,13:36,4,11,2.7,47,51.1
512,Simon Nemec,21,NJD,D,16,261,301,46.4,-5.6,178,205,46.5,-7.2,13.9,88.2,102.1,45.9,54.1,17:47,17:03,4,14,-1.7,52,32.7
513,Nikita Nesterenko,24,ANA,C,13,145,171,45.9,-5.2,106,115,48.0,-1.2,13.3,94.8,108.1,47.6,52.4,13:17,12:13,0,5,-2.4,27,40.7
514,Alex Newhook,25,MTL,C,15,161,183,46.8,-1.3,116,136,46.0,-4.0,20.8,90.1,110.9,54.3,45.7,15:12,12:48,1,3,0.9,39,59.0
515,Valeri Nichushkin,30,COL,RW,16,259,191,57.6,2.9,191,143,57.2,2.7,9.0,91.3,100.3,49.0,51.0,18:18,13:17,7,12,4.1,75,53.3
516,Nino Niederreiter,33,WPG,RW,15,165,176,48.4,5.5,114,126,47.5,3.2,7.5,96.0,103.5,44.2,55.8,14:24,12:23,3,9,-1.4,40,60.0
517,Tristen Nielsen,25,COL,F,1,1,4,20.0,-24.7,1,2,33.3,-12.8,,100.0,,0.0,100.0,5:25,5:25,0,0,0.0,0,
518,Alexander Nikishin,24,CAR,D,15,328,261,55.7,-3.4,232,187,55.4,-3.4,13.7,92.9,106.6,59.9,40.1,20:27,18:12,4,20,2.5,66,39.4
519,Stefan Noesen,32,NJD,RW,10,103,97,51.5,1.1,66,63,51.2,-0.3,2.1,87.5,89.6,50.0,50.0,11:07,10:17,1,5,-0.1,23,47.8
520,Joshua Norris,26,BUF,C,1,11,14,44.0,-12.9,10,12,45.5,-9.3,0.0,100.0,100.0,44.4,55.6,18:51,12:41,0,1,0.7,4,100.0
Rk,Player,Age,Tm,Pos,GP,CF,CA,CF%,CF% rel,FF,FA,FF%,FF% rel,oiSH%,oiSV%,PDO,oZS%,dZS%,TOI/60,TOI(EV),TK,GV,E+/-,SAtt.,Thru%
521,Thomas Novak,28,PIT,C,17,182,197,48.0,0.3,136,138,49.6,2.1,8.0,92.3,100.4,61.2,38.8,12:23,11:33,4,10,1.4,45,48.9
522,Ryan Nugent-Hopkins,32,EDM,C,16,235,217,52.0,2.1,144,158,47.7,-4.3,6.9,85.3,92.2,57.1,42.9,18:49,14:14,3,9,0.0,51,45.1
523,Darnell Nurse,30,EDM,D,17,276,347,44.3,-9.0,190,243,43.9,-10.3,9.3,88.5,97.8,57.1,42.9,20:48,19:22,4,17,-3.1,86,41.9
524,William Nylander,29,TOR,C,13,201,220,47.7,2.5,147,156,48.5,2.4,21.6,87.2,108.8,54.7,45.3,19:47,16:35,7,15,-1.1,60,41.7
525,Jani Nyman,21,SEA,RW,12,88,103,46.1,0.4,61,72,45.9,0.3,7.7,97.9,105.6,61.7,38.3,10:35,9:28,1,5,-1.0,33,39.4
526,Gustav Nyquist,36,WPG,RW,11,109,107,50.5,9.9,79,70,53.0,12.4,7.4,93.0,100.4,48.3,51.7,12:19,10:34,2,7,0.2,26,53.8
527,Joel Nystrom,23,CAR,D,9,175,125,58.3,2.2,124,90,57.9,3.5,9.2,90.0,99.2,61.3,38.7,17:12,15:39,0,7,-0.7,43,37.2
528,Liam O'Brien,31,UTA,C,6,48,74,39.3,-15.1,38,50,43.2,-15.1,4.0,85.3,89.3,54.8,45.2,9:27,9:27,0,2,-0.3,20,50.0
529,Drew O'Connor,27,VAN,F,17,172,230,42.8,-5.0,127,156,44.9,-3.4,11.3,88.9,100.2,40.7,59.3,14:11,12:19,2,15,-3.0,45,48.9
530,Ryan O'Reilly,34,NSH,C,18,310,243,56.1,6.8,211,193,52.2,6.1,10.4,85.9,96.3,52.8,47.2,19:29,14:58,13,8,-0.4,56,53.6
531,Liam Ohgren,22,MIN,LW,5,31,55,36.0,-13.8,24,40,37.5,-13.6,0.0,87.5,87.5,55.0,45.0,9:10,9:10,0,0,-3.3,8,50.0
532,Jamie Oleksiak,33,SEA,D,15,175,209,45.6,-1.7,117,144,44.8,-2.1,11.8,92.0,103.8,37.1,62.9,16:30,14:28,8,16,-1.9,29,44.8
533,Mathieu Olivier,28,CBJ,F,15,197,193,50.5,-2.5,146,139,51.2,-0.1,10.3,90.5,100.8,49.6,50.4,14:09,13:05,2,4,-1.3,39,51.3
534,Victor Olofsson,30,COL,RW,16,220,143,60.6,6.7,159,101,61.2,7.6,7.5,87.3,94.8,50.0,50.0,14:08,10:36,5,13,3.0,72,62.5
535,Dmitry Orlov,34,SJS,D,16,260,308,45.8,3.4,169,226,42.8,2.7,10.6,92.7,103.3,40.8,59.2,22:33,18:28,5,23,-1.6,42,52.4
536,Noah Ostlund,21,BUF,C,7,52,75,40.9,-5.5,35,51,40.7,-6.4,15.4,90.3,105.7,73.0,27.0,11:36,11:03,0,1,0.3,11,63.6
537,Brennan Othmann,23,NYR,LW,1,11,18,37.9,-19.1,6,11,35.3,-24.1,25.0,60.0,85.0,77.8,22.2,12:31,12:31,0,0,0.2,2,50.0
538,Alex Ovechkin,40,WSH,LW,15,232,180,56.3,0.1,154,135,53.3,-1.9,14.3,90.7,105.0,84.8,15.2,18:11,13:12,2,15,4.8,105,34.3
539,Brayden Pachal,26,CGY,D,10,124,110,53.0,0.7,85,80,51.5,-0.5,7.8,87.0,94.8,56.9,43.1,13:11,12:16,3,9,-0.1,23,34.8
540,Jean-Gabriel Pageau,33,NYI,C,16,175,219,44.4,-6.5,133,154,46.3,-5.7,15.4,86.3,101.7,43.5,56.5,15:22,12:12,7,12,-3.0,33,54.5
Rk,Player,Age,Tm,Pos,GP,CF,CA,CF%,CF% rel,FF,FA,FF%,FF% rel,oiSH%,oiSV%,PDO,oZS%,dZS%,TOI/60,TOI(EV),TK,GV,E+/-,SAtt.,Thru%
541,OndÅej PalÃ¡t,34,NJD,LW,16,186,191,49.3,-1.0,136,133,50.6,-0.9,11.8,87.8,99.6,57.1,42.9,13:01,11:56,1,5,1.4,36,52.8
542,Kyle Palmieri,34,NYI,RW,16,209,204,50.6,1.9,154,144,51.7,1.6,8.4,91.0,99.4,62.2,37.8,19:11,13:35,4,13,-1.4,81,58.0
543,Artemi Panarin,34,NYR,LW,17,337,245,57.9,9.4,248,179,58.1,10.1,8.1,87.6,95.7,60.1,39.9,20:51,16:43,4,20,5.4,124,41.9
544,Colton Parayko,32,STL,D,16,296,331,47.2,-3.7,208,232,47.3,-4.3,10.4,88.2,98.6,45.1,54.9,23:06,20:35,8,21,0.9,59,35.6
545,Zayne Parekh,19,CGY,D,11,147,118,55.5,2.3,102,90,53.1,-0.8,5.5,93.5,99.0,82.9,17.1,14:46,12:19,3,17,1.2,35,31.4
546,Juuso PÃ¤rssinen,24,NYR,C,12,78,106,42.4,-11.9,53,73,42.1,-11.8,16.7,93.6,110.3,38.2,61.8,9:11,9:09,3,6,-1.2,19,52.6
547,David PastrÅÃ¡k,29,BOS,RW,17,262,281,48.3,-0.2,181,195,48.1,-1.6,13.3,85.4,98.7,57.0,43.0,19:53,15:41,6,27,0.3,130,46.2
548,Tanner Pearson,33,WPG,LW,15,98,173,36.2,-10.1,73,115,38.8,-7.7,8.5,93.7,102.2,31.7,68.3,11:16,9:34,2,10,-4.6,20,60.0
549,Andrew Peeke,27,BOS,D,17,271,313,46.4,-3.0,195,215,47.6,-2.5,9.5,90.7,100.2,41.9,58.1,19:44,16:43,3,16,-3.9,48,39.6
550,Adam Pelech,31,NYI,D,16,251,211,54.3,7.3,184,139,57.0,9.1,12.5,91.0,103.5,47.2,52.8,19:10,16:06,6,14,0.7,64,28.1
551,Nicklaus Perbix,27,NSH,D,18,281,299,48.4,-4.5,181,228,44.3,-5.7,10.2,88.7,99.0,37.3,62.7,20:35,17:08,3,20,-2.0,58,44.8
552,Cole Perfetti,24,WPG,C,1,16,14,53.3,5.6,14,8,63.6,21.6,0.0,100.0,100.0,50.0,50.0,17:59,13:42,0,2,0.2,6,16.7
553,Gabriel Perreault,20,NYR,RW,1,6,14,30.0,-17.3,6,10,37.5,-10.1,20.0,100.0,120.0,42.9,57.1,14:08,9:47,0,1,0.3,2,50.0
554,David Perron,37,OTT,LW,16,152,161,48.6,-2.4,117,100,53.9,2.9,7.6,87.5,95.1,55.4,44.6,14:25,12:13,2,6,0.7,30,60.0
555,Corey Perry,40,LAK,RW,10,148,89,62.4,12.4,105,73,59.0,7.5,15.7,93.5,109.2,74.0,26.0,14:49,11:45,1,5,3.2,40,62.5
556,Brett Pesce,31,NJD,D,9,150,134,52.8,3.6,111,88,55.8,5.2,9.2,90.9,100.1,57.4,42.6,19:39,16:04,2,4,1.0,17,47.1
557,JJ Peterka,24,UTA,RW,16,219,194,53.0,0.9,163,136,54.5,0.6,12.6,87.6,100.2,63.5,36.5,16:21,14:42,6,19,2.2,60,50.0
558,Alexander Petrovic,33,DAL,D,14,133,173,43.5,-0.7,92,129,41.6,-4.1,5.3,91.6,96.8,26.5,73.5,13:11,13:06,2,12,1.9,26,53.8
559,Jeff Petry,38,FLA,D,16,171,203,45.7,-9.8,121,143,45.8,-9.4,10.0,88.5,98.5,52.9,47.1,14:45,13:07,0,18,-1.5,35,31.4
560,Elias Pettersson,27,VAN,C,17,254,275,48.0,2.1,186,193,49.1,2.3,8.5,91.7,100.3,49.1,50.9,19:59,14:39,8,16,-1.0,67,41.8
Rk,Player,Age,Tm,Pos,GP,CF,CA,CF%,CF% rel,FF,FA,FF%,FF% rel,oiSH%,oiSV%,PDO,oZS%,dZS%,TOI/60,TOI(EV),TK,GV,E+/-,SAtt.,Thru%
561,Elias Pettersson,21,VAN,D,16,156,209,42.7,-4.3,115,148,43.7,-3.6,11.6,90.3,101.9,46.8,53.2,13:40,12:27,4,17,-3.8,28,25.0
562,Marcus Pettersson,29,VAN,D,17,252,326,43.6,-4.5,184,223,45.2,-3.4,8.5,94.0,102.5,33.9,66.1,20:48,17:29,3,17,-4.1,38,34.2
563,Noah Philp,27,EDM,F,11,68,103,39.8,-11.8,48,73,39.7,-13.0,8.3,83.7,92.0,30.2,69.8,10:30,9:58,4,5,-1.9,16,56.3
564,Owen Pickering,22,PIT,D,4,42,51,45.2,-9.9,31,39,44.3,-8.1,8.0,80.8,88.8,50.0,50.0,12:06,12:03,1,4,-0.3,6,16.7
565,Shane Pinto,25,OTT,C,16,214,216,49.8,-1.0,161,147,52.3,1.0,16.5,84.8,101.3,37.4,62.6,19:18,14:48,5,14,0.7,93,46.2
566,Neal Pionk,30,WPG,D,15,268,305,46.8,4.3,187,214,46.6,2.6,10.8,91.2,102.0,46.3,53.7,23:41,18:14,4,14,-1.9,79,40.5
567,Tyler Pitlick,34,MIN,C,9,56,71,44.1,-7.3,37,47,44.0,-7.1,0.0,90.3,90.3,38.1,61.9,7:23,7:20,1,3,-1.6,10,60.0
568,Vasily Podkolzin,24,EDM,RW,17,233,224,51.0,1.5,166,162,50.6,0.4,13.0,87.4,100.4,64.0,36.0,14:50,14:35,4,9,0.8,46,63.0
569,Ryan Poehling,27,ANA,C,15,139,161,46.3,-5.8,91,114,44.4,-6.4,12.5,89.7,102.2,43.9,56.1,12:24,10:21,2,9,-4.0,25,44.0
570,Brayden Point,29,TBL,C,15,243,222,52.3,1.4,175,164,51.6,0.2,9.2,85.1,94.3,60.5,39.5,18:59,14:52,3,16,1.6,56,55.4
571,Owen Power,23,BUF,D,14,259,260,49.9,3.9,188,196,49.0,2.7,6.6,89.2,95.8,56.6,43.4,21:31,17:39,3,13,0.8,48,41.7
572,Aliaksei Protas,25,WSH,C,15,264,189,58.3,2.9,180,142,55.9,1.8,11.7,91.8,103.4,51.4,48.6,18:06,14:40,4,16,2.8,72,50.0
573,Ivan Provorov,29,CBJ,D,15,301,299,50.2,-3.5,218,232,48.4,-4.6,12.1,90.7,102.8,45.5,54.5,24:02,19:37,7,23,-2.7,66,50.0
574,Ryan Pulock,31,NYI,D,16,238,256,48.2,-1.5,173,170,50.4,-0.2,11.4,90.7,102.1,46.2,53.8,20:14,17:04,5,21,-1.1,44,38.6
575,Jack Quinn,24,BUF,RW,15,172,219,44.0,-5.2,124,164,43.1,-6.2,8.0,87.7,95.8,56.8,43.2,15:45,13:12,2,13,-0.2,47,51.1
576,Darren Raddysh,29,TBL,D,9,113,115,49.6,-3.4,82,85,49.1,-3.1,9.4,87.9,97.4,65.7,34.3,14:09,12:18,1,6,0.8,37,37.8
577,Taylor Raddysh,27,NYR,RW,17,178,175,50.4,-1.8,128,121,51.4,-0.3,7.6,94.2,101.8,50.5,49.5,12:45,11:10,5,6,2.4,34,61.8
578,Rickard Rakell,32,PIT,RW,9,107,153,41.2,-4.1,73,106,40.8,-6.0,12.2,94.5,106.7,57.6,42.4,17:44,14:26,3,4,-1.6,38,44.7
579,Mikko Rantanen,29,DAL,RW,16,223,299,42.7,-1.4,162,195,45.4,0.2,11.9,88.2,100.1,51.1,48.9,21:39,17:07,1,13,2.9,89,49.4
580,Michael Rasmussen,26,DET,C,14,144,149,49.1,-3.0,108,101,51.7,-0.2,6.7,86.8,93.4,47.6,52.4,11:24,10:07,1,3,-0.5,28,46.4
Rk,Player,Age,Tm,Pos,GP,CF,CA,CF%,CF% rel,FF,FA,FF%,FF% rel,oiSH%,oiSV%,PDO,oZS%,dZS%,TOI/60,TOI(EV),TK,GV,E+/-,SAtt.,Thru%
581,Aatu RÃ¤ty,23,VAN,C,15,166,168,49.7,2.2,127,111,53.4,5.8,12.2,90.8,102.9,39.7,60.3,12:56,11:47,2,6,0.7,35,34.3
582,Lucas Raymond,23,DET,LW/RW,14,200,148,57.5,5.3,149,104,58.9,7.3,14.8,86.6,101.3,51.3,48.7,17:47,13:45,10,15,3.1,62,45.2
583,Ryan Reaves,39,SJS,RW,12,56,77,42.1,-1.3,43,60,41.7,0.6,9.1,86.4,95.5,23.7,76.3,6:48,6:43,1,2,0.5,12,66.7
584,Alec Regula,25,EDM,D,4,33,43,43.4,-10.3,26,33,44.1,-13.5,5.6,85.0,90.6,60.5,39.5,14:42,13:57,0,3,0.8,6,50.0
585,Lukas Reichel,23,TOT,LW,14,146,201,42.1,-7.4,112,157,41.6,-10.4,12.5,85.8,98.3,58.3,41.7,13:09,12:40,1,11,-2.8,33,45.5
585,Lukas Reichel,23,VAN,LW,9,111,143,43.7,-6.6,86,114,43.0,-10.0,9.3,84.6,93.9,54.8,45.2,14:58,14:16,0,7,-3.5,23,39.1
585,Lukas Reichel,23,CHI,LW,5,35,58,37.6,-10.4,26,43,37.7,-12.8,22.2,89.3,111.5,68.2,31.8,9:52,9:47,1,4,0.6,10,60.0
586,Mike Reilly,32,CAR,D,12,244,156,61.0,4.0,176,110,61.5,5.6,14.3,92.0,106.3,56.2,43.8,18:29,15:53,0,10,3.3,53,37.7
587,Cole Reinhardt,25,VEG,LW,9,58,87,40.0,-13.1,43,62,41.0,-12.0,8.3,87.2,95.5,31.0,69.0,8:36,8:35,0,7,-0.3,12,16.7
588,Sam Reinhart,30,FLA,C,16,283,235,54.6,2.4,202,162,55.5,4.0,5.0,85.7,90.7,60.4,39.6,21:19,15:34,2,10,4.4,110,43.6
589,Matt Rempe,23,NYR,C,9,91,69,56.9,4.9,56,50,52.8,1.1,8.3,94.1,102.5,33.3,66.7,9:48,9:06,1,2,0.2,17,47.1
590,Morgan Rielly,31,TOR,D,15,294,277,51.5,8.3,228,196,53.8,9.4,11.9,85.0,96.9,62.7,37.3,21:33,18:46,3,33,-0.5,72,38.9
591,Sam Rinzel,21,CHI,D,16,244,265,47.9,2.7,182,204,47.2,1.9,11.3,92.9,104.2,53.4,46.6,18:51,15:44,2,21,-5.0,71,35.2
592,Calum Ritchie,21,NYI,C,6,55,72,43.3,-6.7,39,45,46.4,-4.4,0.0,100.0,100.0,64.9,35.1,12:12,11:14,0,6,-1.5,8,37.5
593,Jason Robertson,26,DAL,LW,16,251,268,48.4,7.4,200,186,51.8,10.6,8.5,90.7,99.1,57.5,42.5,20:28,16:11,10,22,5.4,108,58.3
594,Matthew Robertson,24,NYR,D,9,131,127,50.8,-2.5,95,92,50.8,-2.2,5.3,90.5,95.7,46.8,53.2,16:33,15:50,0,7,2.0,25,28.0
595,Nicholas Robertson,24,TOR,LW,15,163,180,47.5,1.4,126,133,48.6,0.6,10.1,88.1,98.2,46.9,53.1,12:59,11:49,4,13,0.2,49,61.2
596,Eric Robinson,30,CAR,LW,9,106,86,55.2,-4.1,82,62,56.9,-2.7,16.4,88.1,104.5,65.0,35.0,10:03,9:12,1,3,1.6,20,60.0
597,Evan Rodrigues,32,FLA,C,16,250,203,55.2,3.0,174,141,55.2,3.4,7.8,87.5,95.3,56.9,43.1,16:59,14:13,7,11,3.3,67,59.7
598,Alexander Romanov,26,NYI,D,11,169,206,45.1,-7.8,126,155,44.8,-10.0,7.1,89.3,96.3,59.8,40.2,18:53,16:59,3,10,-6.4,28,39.3
599,Isak Rosen,22,BUF,RW,4,44,48,47.8,5.5,28,31,47.5,5.8,16.7,84.2,100.9,72.0,28.0,15:27,12:57,1,2,0.6,14,42.9
600,Jack Roslovic,29,EDM,C,15,259,226,53.4,6.1,188,164,53.4,6.1,9.8,91.6,101.4,58.0,42.0,16:58,15:57,5,10,4.1,61,57.4
Rk,Player,Age,Tm,Pos,GP,CF,CA,CF%,CF% rel,FF,FA,FF%,FF% rel,oiSH%,oiSV%,PDO,oZS%,dZS%,TOI/60,TOI(EV),TK,GV,E+/-,SAtt.,Thru%
601,Marco Rossi,24,MIN,C,16,268,205,56.7,11.5,195,163,54.5,9.1,9.6,83.9,93.5,60.8,39.2,18:06,15:06,4,13,0.2,55,49.1
602,Joshua Roy,22,MTL,RW,1,7,7,50.0,10.5,4,6,40.0,-2.9,0.0,100.0,100.0,20.0,80.0,7:58,7:53,0,0,-0.1,0,
603,Matt Roy,30,WSH,D,15,296,229,56.4,0.2,204,165,55.3,0.9,7.1,96.0,103.1,47.0,53.0,19:50,17:36,1,11,3.3,50,46.0
604,Nicolas Roy,28,TOR,C,16,149,180,45.3,-2.0,101,130,43.7,-5.5,11.6,86.6,98.2,27.0,73.0,14:19,11:43,7,20,0.0,21,61.9
605,Bryan Rust,33,PIT,RW,15,234,273,46.2,-2.0,162,194,45.5,-3.0,12.3,90.6,102.8,60.4,39.6,20:25,15:41,1,21,-1.3,61,59.0
606,Brandon Saad,33,VEG,LW,15,214,183,53.9,4.4,144,132,52.2,1.4,6.3,93.0,99.2,56.1,43.9,14:11,13:12,4,13,2.8,45,51.1
607,Mackie Samoskevich,23,FLA,RW,16,179,156,53.4,0.4,123,119,50.8,-2.6,11.0,93.8,104.8,52.5,47.5,14:55,11:54,1,8,-0.4,68,48.5
608,Mattias Samuelsson,25,BUF,D,13,227,241,48.5,0.6,165,174,48.7,1.2,9.6,92.5,102.1,48.7,51.3,20:42,17:37,1,7,0.4,37,48.6
609,Jake Sanderson,23,OTT,D,16,272,227,54.5,6.1,190,157,54.8,4.8,15.1,82.4,97.5,51.9,48.1,23:53,17:43,12,23,-0.6,98,37.8
610,Rasmus Sandin,25,WSH,D,10,150,141,51.5,-7.8,99,105,48.5,-10.5,11.1,95.5,106.6,45.5,54.5,19:01,15:56,5,13,0.4,29,27.6
611,Axel Sandin Pellikka,20,DET,D,16,262,261,50.1,-3.6,183,182,50.1,-3.9,3.4,88.8,92.2,49.4,50.6,18:40,16:03,2,17,-1.8,64,31.3
612,Travis Sanheim,29,PHI,D,15,278,285,49.4,0.6,206,189,52.2,5.2,13.6,86.6,100.2,46.1,53.9,26:05,21:22,3,27,2.2,50,38.0
613,Max Sasson,25,VAN,F,14,127,126,50.2,4.2,86,94,47.8,-0.2,7.8,95.7,103.5,60.0,40.0,10:25,9:42,3,6,-1.2,20,55.0
614,Matthew Savoie,22,EDM,C,17,152,172,46.9,-3.7,111,125,47.0,-4.1,5.3,85.1,90.5,53.3,46.7,13:12,11:05,3,11,0.2,38,52.6
615,Matthew Schaefer,18,NYI,D,16,280,263,51.6,3.7,201,171,54.0,5.3,12.5,86.8,99.3,52.5,47.5,22:13,17:32,8,23,2.3,101,47.5
616,Mark Scheifele,32,WPG,C,15,247,259,48.8,7.2,188,192,49.5,7.1,13.6,89.1,102.8,61.3,38.7,20:04,15:45,2,24,2.2,58,63.8
617,Brayden Schenn,34,STL,C,16,217,235,48.0,-2.0,145,165,46.8,-4.2,8.4,85.2,93.6,54.2,45.8,16:52,14:51,2,16,-1.0,44,40.9
618,Luke Schenn,36,WPG,D,12,89,146,37.9,-7.2,56,96,36.8,-9.1,0.0,90.2,90.2,46.7,53.3,13:20,10:53,2,13,-1.7,24,33.3
619,Nick Schmaltz,29,UTA,C,16,223,179,55.5,4.3,173,126,57.9,5.3,13.2,82.9,96.1,60.6,39.4,19:51,15:07,5,21,3.1,83,60.2
620,Nate Schmidt,34,UTA,D,16,296,201,59.6,11.0,222,148,60.0,9.2,11.8,88.9,100.7,58.6,41.4,20:55,17:17,4,16,3.4,55,43.6
Rk,Player,Age,Tm,Pos,GP,CF,CA,CF%,CF% rel,FF,FA,FF%,FF% rel,oiSH%,oiSV%,PDO,oZS%,dZS%,TOI/60,TOI(EV),TK,GV,E+/-,SAtt.,Thru%
621,Braden Schneider,24,NYR,D,17,234,256,47.8,-5.8,169,184,47.9,-5.3,9.5,88.1,97.7,33.1,66.9,18:16,15:23,5,17,0.7,52,36.5
622,Jaden Schwartz,33,SEA,C,15,212,252,45.7,-1.7,131,170,43.5,-4.1,13.6,92.2,105.9,43.1,56.9,17:19,15:07,9,21,-2.3,59,49.2
623,Cole Schwindt,24,FLA,RW,7,41,36,53.2,-1.5,26,22,54.2,-1.5,11.1,92.9,104.0,48.1,51.9,9:27,8:16,1,3,1.2,12,41.7
624,Donovan Sebrango,24,TOT,D,7,85,85,50.0,-4.7,57,53,51.8,-3.2,18.8,95.0,113.8,43.8,56.3,14:21,14:02,1,6,-0.3,16,37.5
624,Donovan Sebrango,24,FLA,D,5,63,62,50.4,-3.7,47,40,54.0,0.5,21.4,96.4,117.9,47.8,52.2,14:00,13:35,1,5,0.4,11,45.5
624,Donovan Sebrango,24,OTT,D,2,22,23,48.9,-7.2,10,13,43.5,-15.1,0.0,91.7,91.7,33.3,66.7,15:14,15:11,0,1,-0.7,5,20.0
625,Nick Seeler,32,PHI,D,15,229,249,47.9,-1.7,161,175,47.9,-1.9,8.7,87.6,96.3,51.9,48.1,20:06,17:23,3,11,-1.7,48,41.7
626,Tyler Seguin,34,DAL,C,16,196,251,43.8,0.3,137,179,43.4,-2.8,8.5,92.4,100.9,49.7,50.3,17:39,14:57,3,15,-0.8,44,47.7
627,Moritz Seider,24,DET,D,16,348,268,56.5,6.5,253,185,57.8,8.1,10.0,87.8,97.8,43.5,56.5,25:23,19:44,7,23,2.9,89,41.6
628,Beckett Sennecke,20,ANA,F,15,257,246,51.1,0.1,183,184,49.9,0.4,10.8,90.6,101.4,55.0,45.0,16:38,15:02,6,18,-3.2,56,44.6
629,Mikhail Sergachev,27,UTA,D,16,261,280,48.2,-6.7,192,199,49.1,-8.0,11.2,86.6,97.8,47.8,52.2,24:51,18:29,4,29,-0.5,68,41.2
630,Damon Severson,31,CBJ,D,15,304,269,53.1,1.0,224,208,51.9,0.8,13.0,89.1,102.1,48.2,51.8,20:17,18:48,5,16,0.3,52,32.7
631,Max Shabanov,25,NYI,F,6,71,65,52.2,2.0,54,49,52.4,0.6,9.1,83.8,92.9,53.8,46.2,11:43,10:48,1,5,-1.7,15,53.3
632,Yegor Sharangovich,27,CGY,C,15,174,170,50.6,-1.8,114,119,48.9,-2.9,6.8,85.7,92.5,58.8,41.3,14:25,12:11,1,6,-2.9,49,42.9
633,Ryan Shea,28,PIT,D,17,283,359,44.1,-5.8,216,253,46.1,-3.1,11.3,92.6,103.9,52.9,47.1,20:19,17:41,5,21,-0.8,40,45.0
634,Conor Sheary,33,NYR,LW,17,238,207,53.5,2.3,167,150,52.7,1.5,5.0,94.7,99.7,56.7,43.3,15:22,13:26,4,13,1.7,54,50.0
635,Kiefer Sherwood,30,VAN,RW,17,194,218,47.1,0.7,152,155,49.5,2.7,10.4,87.5,97.9,44.4,55.6,17:37,13:23,8,20,-1.3,64,51.6
636,Jonas Siegenthaler,28,NJD,D,16,270,281,49.0,-1.7,189,185,50.5,-1.0,8.5,90.4,98.9,42.1,57.9,19:37,17:44,4,21,-1.2,24,29.2
637,Cole Sillinger,22,CBJ,C,14,222,187,54.3,3.2,166,139,54.4,4.7,10.1,89.5,99.6,57.8,42.2,15:43,14:33,6,13,2.1,47,51.1
638,Dmitriy Simashev,20,UTA,D,16,213,216,49.7,-3.9,159,150,51.5,-3.8,5.5,87.8,93.2,54.9,45.1,16:17,16:02,1,17,-0.3,30,56.7
639,Colton Sissons,32,VEG,C,13,89,151,37.1,-16.2,57,108,34.5,-20.1,5.1,86.6,91.7,33.3,66.7,10:31,9:15,1,7,-1.3,20,50.0
640,Jeff Skinner,33,SJS,LW/C,15,149,164,47.6,4.7,105,122,46.3,6.4,7.5,87.5,95.0,41.6,58.4,13:02,11:02,2,15,0.9,55,50.9
Rk,Player,Age,Tm,Pos,GP,CF,CA,CF%,CF% rel,FF,FA,FF%,FF% rel,oiSH%,oiSV%,PDO,oZS%,dZS%,TOI/60,TOI(EV),TK,GV,E+/-,SAtt.,Thru%
641,Brady Skjei,31,NSH,D,18,294,324,47.6,-6.0,191,254,42.9,-8.1,9.4,86.1,95.5,39.7,60.3,23:06,17:47,7,27,-3.4,75,34.7
642,Juraj Slafkovsky,21,MTL,LW,15,223,183,54.9,10.0,166,124,57.2,11.7,11.1,91.6,102.7,54.2,45.8,18:10,15:12,1,10,4.9,66,51.5
643,Landon Slaggert,23,CHI,LW,5,35,45,43.8,-2.6,27,36,42.9,-4.7,0.0,92.0,92.0,37.5,62.5,9:58,9:48,1,3,-0.3,9,33.3
644,Jaccob Slavin,31,CAR,D,2,41,21,66.1,8.8,29,15,65.9,4.7,5.9,81.8,87.7,40.0,60.0,18:32,16:48,2,3,0.1,10,20.0
645,Cole Smith,30,NSH,F,13,127,134,48.7,-1.4,87,93,48.3,2.4,11.9,85.5,97.3,18.6,81.4,13:26,10:44,3,6,-0.4,34,52.9
646,Reilly Smith,34,VEG,RW,15,171,184,48.2,-3.2,120,124,49.2,-2.5,3.6,90.7,94.2,46.7,53.3,13:31,11:38,3,9,2.2,34,52.9
647,Will Smith,20,SJS,C,16,214,244,46.7,4.4,139,176,44.1,4.3,18.3,93.1,111.4,52.0,48.0,18:13,14:45,1,16,3.5,74,45.9
648,Jimmy Snuggerud,21,STL,RW,16,196,216,47.6,-2.5,139,150,48.1,-2.3,6.0,91.8,97.8,47.1,52.9,15:25,13:17,8,8,-1.6,69,44.9
649,Elmer SÃ¶derblom,24,DET,RW,11,106,100,51.5,-1.0,79,71,52.7,-0.4,2.5,89.4,91.9,43.3,56.7,10:27,10:18,2,6,-1.0,27,40.7
650,Ilya Solovyov,25,COL,D,9,128,89,59.0,-1.8,92,56,62.2,2.4,1.7,88.1,89.8,62.3,37.7,11:33,11:27,2,3,1.2,28,32.1
651,Carson Soucy,31,NYR,D,13,150,197,43.2,-10.8,104,142,42.3,-11.7,10.0,94.4,104.4,51.6,48.4,16:40,14:12,3,12,-0.9,20,45.0
652,Justin Sourdif,23,WSH,RW,15,169,129,56.7,0.6,105,89,54.1,-0.7,5.6,90.6,96.2,28.9,71.1,11:23,11:19,3,9,1.5,34,35.3
653,Jordan Spence,24,OTT,D,7,141,100,58.5,10.3,99,66,60.0,10.5,13.2,90.5,103.7,64.7,35.3,18:03,17:46,1,10,3.5,27,51.9
654,Jared Spurgeon,36,MIN,D,17,272,299,47.6,-1.4,191,207,48.0,-0.7,6.7,87.6,94.3,44.8,55.2,21:35,17:22,5,17,-1.7,56,33.9
655,Jordan Staal,37,CAR,C,15,209,171,55.0,-3.7,142,124,53.4,-5.4,11.5,93.1,104.6,39.0,61.0,15:13,12:35,4,10,-2.8,32,43.8
656,Steven Stamkos,35,NSH,C,18,254,234,52.0,0.9,165,179,48.0,-0.2,3.9,89.7,93.7,60.5,39.5,17:33,13:53,6,22,-1.0,81,45.7
657,Logan Stankoven,22,CAR,C,15,254,162,61.1,4.5,176,118,59.9,3.2,12.4,89.0,101.4,68.4,31.6,15:20,13:31,7,8,3.6,55,56.4
658,Logan Stanley,27,WPG,D,15,216,284,43.2,-1.7,150,197,43.2,-2.9,13.7,93.7,107.4,36.0,64.0,17:27,16:50,6,15,-2.7,46,32.6
659,Spencer Stastney,26,NSH,D,18,245,220,52.7,1.7,166,158,51.2,4.3,8.1,88.8,96.9,51.0,49.0,15:38,14:07,6,13,-1.2,40,37.5
660,Troy Stecher,31,EDM,D,6,53,81,39.6,-9.6,34,60,36.2,-14.4,8.3,94.6,102.9,47.5,52.5,13:37,13:18,2,8,-1.9,9,33.3
Rk,Player,Age,Tm,Pos,GP,CF,CA,CF%,CF% rel,FF,FA,FF%,FF% rel,oiSH%,oiSV%,PDO,oZS%,dZS%,TOI/60,TOI(EV),TK,GV,E+/-,SAtt.,Thru%
661,Sam Steel,27,DAL,C,16,177,231,43.4,-0.4,128,161,44.3,-1.4,6.6,90.7,97.3,47.8,52.2,18:16,14:60,6,8,-1.3,34,44.1
662,Alex Steeves,26,BOS,F,1,13,11,54.2,1.2,12,9,57.1,3.6,11.1,100.0,111.1,55.6,44.4,13:22,12:29,0,0,0.4,2,50.0
663,Kevin Stenlund,29,UTA,C,16,168,191,46.8,-7.5,127,127,50.0,-5.4,8.4,89.3,97.7,35.0,65.0,15:05,12:14,6,11,-1.2,36,38.9
664,Chandler Stephenson,31,SEA,C,15,182,281,39.3,-11.0,127,203,38.5,-11.7,9.9,89.7,99.6,28.5,71.5,20:57,16:04,7,18,-4.0,36,63.9
665,Mark Stone,33,VEG,RW,6,86,63,57.7,7.1,65,39,62.5,13.4,13.6,81.5,95.1,44.0,56.0,18:25,13:06,1,6,1.9,30,63.3
666,Dylan Strome,28,WSH,C,13,227,162,58.4,3.5,163,119,57.8,5.0,13.9,94.6,108.5,79.1,20.9,17:38,14:01,4,13,7.0,48,62.5
667,Jayden Struble,24,MTL,D,11,138,150,47.9,0.5,104,101,50.7,1.9,9.5,92.4,101.9,60.0,40.0,15:26,15:26,1,14,0.6,25,24.0
668,Tim StÃ¼tzle,24,OTT,LW,16,252,228,52.5,3.0,165,161,50.6,-1.4,14.2,90.1,104.2,73.7,26.3,19:36,14:57,5,19,0.7,77,57.1
669,Oskar Sundqvist,31,STL,C,8,81,94,46.3,-5.0,53,62,46.1,-6.5,12.1,84.2,96.3,45.7,54.3,13:15,10:52,3,3,-0.7,13,46.2
670,Pius Suter,29,STL,F,16,221,221,50.0,0.8,159,156,50.5,1.0,8.5,89.8,98.3,46.4,53.6,16:54,13:42,6,8,1.7,55,47.3
671,Nick Suzuki,26,MTL,C,15,248,203,55.0,10.6,187,129,59.2,15.0,14.2,92.9,107.0,50.8,49.2,20:09,16:30,2,9,5.9,69,47.8
672,Fedor Svechkov,22,NSH,C,16,176,149,54.2,3.2,120,111,51.9,3.9,4.9,85.1,90.1,65.5,34.5,12:15,11:02,3,10,2.0,39,53.8
673,Andrei Svechnikov,25,CAR,RW,15,245,188,56.6,-1.7,166,139,54.4,-4.2,9.6,92.8,102.4,51.4,48.6,15:29,12:50,4,17,-1.9,75,52.0
674,Brandon Tanev,34,UTA,LW,16,119,156,43.3,-11.3,90,104,46.4,-9.5,3.6,86.8,90.3,37.8,62.2,10:21,9:55,2,15,-2.1,22,63.6
675,Chris Tanev,36,TOR,D,8,97,104,48.3,0.1,69,72,48.9,-0.6,18.8,89.7,108.5,40.3,59.7,17:20,14:37,4,3,0.0,16,37.5
676,Vladimir Tarasenko,34,MIN,RW,17,196,243,44.6,-5.2,136,159,46.1,-3.1,4.3,90.2,94.5,41.5,58.5,15:30,11:29,5,10,-1.0,63,47.6
677,John Tavares,35,TOR,C,16,218,214,50.5,5.0,160,146,52.3,5.7,18.8,85.9,104.7,49.3,50.7,17:26,14:17,5,12,-0.1,86,54.7
678,Teuvo TerÃ¤vÃ¤inen,31,CHI,F,16,199,222,47.3,1.5,144,176,45.0,-1.2,11.2,96.7,108.0,50.3,49.7,18:43,13:55,5,23,-4.1,39,43.6
679,Troy Terry,28,ANA,C/RW,15,230,186,55.3,5.8,165,138,54.5,6.6,17.2,92.1,109.3,49.6,50.4,18:24,12:45,3,8,0.7,69,49.3
680,Alexandre Texier,26,STL,C,8,58,70,45.3,-6.0,38,53,41.8,-7.9,3.8,96.3,100.1,35.5,64.5,10:15,9:41,1,2,0.5,13,53.8
Rk,Player,Age,Tm,Pos,GP,CF,CA,CF%,CF% rel,FF,FA,FF%,FF% rel,oiSH%,oiSV%,PDO,oZS%,dZS%,TOI/60,TOI(EV),TK,GV,E+/-,SAtt.,Thru%
681,Shea Theodore,30,VEG,D,15,309,324,48.8,-3.0,215,217,49.8,-2.2,7.2,93.2,100.4,51.8,48.2,24:16,19:48,5,19,3.2,71,40.8
682,Robert Thomas,26,STL,C,12,143,151,48.6,1.5,100,114,46.7,-1.7,15.6,87.0,102.6,54.1,45.9,18:08,13:54,6,21,-0.2,30,53.3
683,Tage Thompson,28,BUF,C,15,230,249,48.0,0.3,159,187,46.0,-2.4,9.8,88.2,98.0,54.8,45.2,19:08,15:31,9,16,-1.1,129,47.3
684,Conor Timmins,27,BUF,D,15,215,265,44.8,-4.4,164,183,47.3,-0.5,10.6,88.5,99.1,46.1,53.9,19:50,16:16,3,16,0.1,40,37.5
685,Owen Tippett,26,PHI,RW,15,192,199,49.1,0.1,137,147,48.2,-1.3,8.6,88.4,97.0,51.6,48.4,17:05,14:21,3,23,0.1,78,53.8
686,Brady Tkachuk,26,OTT,LW,3,52,40,56.5,2.4,31,29,51.7,-7.9,9.5,95.2,104.8,72.7,27.3,16:37,12:48,1,4,0.9,21,47.6
687,Devon Toews,31,COL,D,16,343,301,53.3,-3.5,242,216,52.8,-4.1,13.9,88.7,102.7,57.8,42.2,23:09,19:11,5,16,3.5,52,38.5
688,Jonathan Toews,37,WPG,C,15,179,221,44.8,0.7,127,153,45.4,0.4,8.1,85.9,94.0,56.1,43.9,16:21,13:52,4,8,-3.6,37,54.1
689,Tyler Toffoli,33,SJS,C,16,198,230,46.3,3.7,129,159,44.8,5.1,15.6,90.6,106.3,56.8,43.2,16:60,13:40,4,12,2.6,79,44.3
690,Eeli Tolvanen,26,SEA,RW,15,165,208,44.2,-3.5,101,147,40.7,-7.5,11.4,91.9,103.3,39.0,61.0,15:20,13:10,4,9,-2.2,49,36.7
691,David Tomasek,29,EDM,F,13,94,109,46.3,-5.4,66,73,47.5,-4.9,4.1,85.4,89.4,53.0,47.0,11:45,8:51,2,7,0.0,34,58.8
692,Philip Tomasino,24,PIT,C,7,76,89,46.1,-4.5,47,59,44.3,-5.4,3.4,92.9,96.3,60.6,39.4,12:28,12:09,0,2,-1.1,18,50.0
693,Alexey Toropchenko,26,STL,RW,9,67,87,43.5,-5.7,55,54,50.5,0.9,5.6,80.0,85.6,52.8,47.2,11:19,10:07,1,7,-0.4,11,72.7
694,Yakov Trenin,29,MIN,C,17,175,204,46.2,-3.0,126,141,47.2,-1.6,7.0,93.6,100.6,27.4,72.6,12:37,11:48,3,8,-2.0,46,45.7
695,Vincent Trocheck,32,NYR,C,3,30,34,46.9,1.1,23,25,47.9,2.0,23.5,80.0,103.5,53.8,46.2,15:15,11:30,3,3,-0.1,6,16.7
696,Jacob Trouba,31,ANA,D,15,312,294,51.5,0.8,222,211,51.3,2.7,14.7,95.7,110.4,47.2,52.8,22:31,18:58,6,17,-0.3,62,41.9
697,Maxim Tsyplakov,27,NYI,F,10,84,101,45.4,-4.2,56,68,45.2,-5.3,5.1,84.1,89.2,63.3,36.7,9:35,9:26,1,9,-2.9,19,52.6
698,Alex Tuch,29,BUF,RW,15,254,250,50.4,3.8,196,184,51.6,6.1,12.0,87.7,99.7,52.1,47.9,19:03,14:16,4,10,1.7,74,47.3
699,Tyler Tucker,25,STL,D,16,163,155,51.3,2.3,122,108,53.0,4.2,13.3,84.8,98.2,62.2,37.8,12:36,11:24,1,16,2.8,32,34.4
700,Alex Turcotte,24,LAK,C,16,179,113,61.3,10.5,119,85,58.3,7.5,8.8,87.5,96.3,62.7,37.3,9:22,9:13,2,6,0.9,31,45.2
Rk,Player,Age,Tm,Pos,GP,CF,CA,CF%,CF% rel,FF,FA,FF%,FF% rel,oiSH%,oiSV%,PDO,oZS%,dZS%,TOI/60,TOI(EV),TK,GV,E+/-,SAtt.,Thru%
701,Urho Vaakanainen,27,NYR,D,12,168,143,54.0,2.8,115,107,51.8,-0.3,11.0,91.0,102.0,26.8,73.2,14:56,14:05,1,7,1.7,31,29.0
702,James van Riemsdyk,36,DET,LW,13,160,129,55.4,5.9,117,90,56.5,6.7,4.4,90.7,95.2,53.1,46.9,12:07,10:18,1,6,1.2,36,44.4
703,Trevor van Riemsdyk,34,WSH,D,13,150,168,47.2,-12.8,97,125,43.7,-15.3,7.1,94.7,101.9,40.0,60.0,14:49,13:05,1,9,1.0,18,50.0
704,Frank Vatrano,31,ANA,LW,15,133,197,40.3,-13.6,96,150,39.0,-13.5,5.7,88.8,94.5,44.6,55.4,12:06,10:39,1,6,-6.5,43,60.5
705,Joe Veleno,26,MTL,C,10,67,98,40.6,-7.7,47,61,43.5,-5.8,6.5,83.3,89.8,42.9,57.1,11:21,11:16,0,3,-0.3,14,57.1
706,Carter Verhaeghe,30,FLA,C,16,294,215,57.8,7.1,204,155,56.8,6.0,4.8,88.0,92.8,58.6,41.4,18:03,15:29,6,14,2.8,85,45.9
707,Jeffrey Viel,29,BOS,F,4,54,46,54.0,-2.5,44,25,63.8,10.8,8.0,85.7,93.7,52.5,47.5,11:50,11:38,1,2,0.4,10,40.0
708,Gabriel Vilardi,26,WPG,C,15,226,264,46.1,2.9,174,199,46.6,2.5,12.4,89.6,101.9,62.9,37.1,18:37,15:06,4,11,-0.7,66,56.1
709,Alex Vlasic,24,CHI,D,15,207,297,41.1,-8.3,148,223,39.9,-9.6,8.8,93.2,102.0,33.3,66.7,21:38,17:40,6,12,-5.0,32,53.1
710,Dmitri Voronkov,25,CBJ,LW,15,238,204,53.8,2.0,183,153,54.5,4.3,12.1,95.3,107.4,68.1,31.9,15:33,13:04,3,12,2.9,62,54.8
711,Nathan Walker,31,STL,C,15,151,137,52.4,3.1,114,93,55.1,6.5,10.5,81.0,91.6,44.0,56.0,12:46,11:23,1,8,3.9,28,67.9
712,Sean Walker,31,CAR,D,15,332,233,58.8,1.5,234,173,57.5,0.0,9.6,85.0,94.6,52.1,47.9,23:53,19:12,3,13,-0.3,86,37.2
713,Jake Walman,29,EDM,D,11,198,206,49.0,-2.3,137,144,48.8,-2.3,16.1,85.9,102.0,57.7,42.3,20:22,18:16,5,13,-0.6,48,33.3
714,Marshall Warren,24,NYI,D,2,20,21,48.8,-9.8,15,17,46.9,-12.2,25.0,91.7,116.7,46.2,53.8,12:08,12:08,1,2,-0.8,1,0.0
715,MacKenzie Weegar,32,CGY,D,17,353,277,56.0,4.4,226,193,53.9,2.3,4.3,83.3,87.7,53.3,46.7,24:32,19:03,7,25,1.1,83,34.9
716,Alexander Wennberg,31,SJS,C,16,212,251,45.8,3.1,134,178,42.9,2.6,11.7,86.4,98.0,43.7,56.3,20:37,15:46,8,17,-1.2,28,57.1
717,Zach Werenski,28,CBJ,D,15,412,350,54.1,3.1,291,254,53.4,3.8,10.6,92.6,103.2,61.4,38.6,26:27,21:51,10,34,2.1,136,40.4
718,Colton White,28,NJD,D,2,14,14,50.0,0.3,9,11,45.0,-8.5,0.0,100.0,100.0,40.0,60.0,10:58,10:58,0,1,-0.4,3,66.7
719,Zach Whitecloud,29,VEG,D,15,242,230,51.3,1.0,171,168,50.4,-1.0,11.5,85.7,97.2,51.1,48.9,17:33,15:45,1,12,1.3,35,25.7
720,Ozzy Wiesblatt,23,NSH,RW,15,132,130,50.4,-2.7,93,98,48.7,-0.2,8.6,82.1,90.7,16.7,83.3,10:59,10:16,2,7,-1.3,29,44.8
Rk,Player,Age,Tm,Pos,GP,CF,CA,CF%,CF% rel,FF,FA,FF%,FF% rel,oiSH%,oiSV%,PDO,oZS%,dZS%,TOI/60,TOI(EV),TK,GV,E+/-,SAtt.,Thru%
721,Tom Willander,20,VAN,D,7,91,91,50.0,2.5,73,66,52.5,3.3,7.9,97.8,105.7,52.6,47.4,13:42,12:46,2,3,0.1,20,30.0
722,Adam Wilsby,25,NSH,D,12,191,179,51.6,1.9,127,138,47.9,1.6,7.6,88.8,96.4,54.6,45.4,17:39,15:43,3,11,1.1,33,33.3
723,Tom Wilson,31,WSH,RW,15,275,186,59.7,5.0,194,134,59.1,6.5,11.2,90.8,102.0,53.5,46.5,19:14,13:53,4,14,5.5,65,52.3
724,Ryan Winterton,22,SEA,C,15,122,173,41.4,-6.9,89,125,41.6,-6.1,9.6,92.4,102.0,42.5,57.5,12:20,10:55,2,5,-2.0,27,48.1
725,Matthew Wood,20,NSH,RW,11,113,123,47.9,-4.6,79,103,43.4,-5.8,15.0,85.0,100.0,56.8,43.2,12:56,10:47,1,3,0.9,47,59.6
726,Miles Wood,30,CBJ,LW,9,117,110,51.5,0.7,76,84,47.5,-1.8,10.0,89.7,99.7,47.6,52.4,11:45,10:47,0,8,-1.9,24,62.5
727,Parker Wotherspoon,28,PIT,D,17,292,278,51.2,5.1,196,198,49.7,2.6,9.0,94.6,103.6,45.5,54.5,21:09,18:17,7,22,1.6,37,43.2
728,Shane Wright,22,SEA,C,15,162,185,46.7,-0.2,112,131,46.1,-0.4,10.1,93.9,104.0,58.3,41.7,14:36,12:51,2,15,-1.8,36,61.1
729,Arber Xhekaj,25,MTL,D,14,134,145,48.0,0.8,94,96,49.5,1.5,11.5,85.7,97.2,56.9,43.1,11:10,10:43,1,8,-0.4,28,35.7
730,Kailer Yamamoto,27,UTA,RW,10,89,90,49.7,-4.4,63,65,49.2,-5.6,11.1,92.7,103.8,22.5,77.5,12:10,10:05,1,6,-1.6,14,71.4
731,Cameron York,25,PHI,D,12,198,198,50.0,-0.2,147,128,53.5,4.4,13.2,89.9,103.1,47.2,52.8,24:49,19:41,4,14,3.4,30,23.3
732,Danila Yurov,22,MIN,RW,12,93,124,42.9,-7.4,64,89,41.8,-7.5,4.7,89.7,94.4,37.7,62.3,9:51,9:38,2,7,-5.0,24,41.7
733,Pavel Zacha,28,BOS,C,17,208,222,48.4,0.0,150,153,49.5,0.4,16.7,89.1,105.8,48.2,51.8,17:41,12:42,5,15,-1.8,44,56.8
734,Nikita Zadorov,30,BOS,D,17,292,300,49.3,1.4,206,212,49.3,0.1,10.4,90.8,101.2,38.9,61.1,21:22,17:57,9,23,-0.6,41,36.6
735,Egor Zamula,25,PHI,D,8,93,84,52.5,3.3,61,60,50.4,0.2,6.7,92.1,98.8,76.7,23.3,13:25,13:21,1,5,0.2,11,45.5
736,Connor Zary,24,CGY,C,15,166,154,51.9,-1.3,111,109,50.5,-2.5,4.2,91.7,95.8,53.3,46.7,13:36,11:43,2,5,-1.0,36,52.8
737,Trevor Zegras,24,PHI,C,15,208,201,50.9,2.7,144,146,49.7,0.8,9.9,90.5,100.4,66.7,33.3,18:23,15:29,4,13,1.3,70,41.4
738,Olen Zellweger,22,ANA,D,15,312,270,53.6,4.1,223,195,53.3,6.0,12.6,93.8,106.4,50.7,49.3,18:58,17:06,2,13,-0.4,75,42.7
739,Fabian Zetterlund,26,OTT,W,16,198,188,51.3,1.1,141,128,52.4,1.1,8.0,89.3,97.2,60.9,39.1,13:50,12:54,2,5,0.3,48,50.0
740,Mika Zibanejad,32,NYR,C,17,296,264,52.9,1.6,213,193,52.5,1.3,4.4,87.2,91.6,53.0,47.0,21:03,15:28,8,20,1.2,100,55.0
Rk,Player,Age,Tm,Pos,GP,CF,CA,CF%,CF% rel,FF,FA,FF%,FF% rel,oiSH%,oiSV%,PDO,oZS%,dZS%,TOI/60,TOI(EV),TK,GV,E+/-,SAtt.,Thru%
741,Artem Zub,30,OTT,D,16,242,215,53.0,3.6,173,146,54.2,3.8,13.9,88.6,102.5,41.7,58.3,19:36,16:47,3,15,-0.8,49,44.9
742,Mats Zuccarello,38,MIN,LW,2,23,33,41.1,-3.1,18,24,42.9,-1.7,12.5,88.2,100.7,58.8,41.2,16:52,14:05,0,1,-0.8,7,42.9
743,Jason Zucker,34,BUF,LW,12,130,145,47.3,-1.6,95,115,45.2,-4.0,4.3,87.2,91.5,72.1,27.9,14:44,11:20,2,10,-0.9,43,62.8
